ERROR: Condition "!is_inside_tree()" is true. Returning: Transform3D()
   at: get_global_transform (scene/3d/node_3d.cpp:649)
   GDScript backtrace (most recent call first):
       [0] _build_car (res://scripts/ui/grid_spawner.gd:54)
       [1] build_grid (res://scripts/ui/grid_spawner.gd:39)
       [2] test_grid_spawner_paints_rivals_with_the_tuned_paint_response (res://tests/suites/test_car_paint_materials.gd:156)
       [3] _execute_test_case (res://addons/gdUnit4/src/core/_TestCase.gd:79)
       [4] execute (res://addons/gdUnit4/src/core/_TestCase.gd:40)
       [5] _execute (res://addons/gdUnit4/src/core/execution/stages/single/GdUnitTestCaseSingleTestStage.gd:10)
       [6] execute (res://addons/gdUnit4/src/core/execution/stages/IGdUnitExecutionStage.gd:19)
       [7] _execute (res://addons/gdUnit4/src/core/execution/stages/single/GdUnitTestCaseSingleExecutionStage.gd:17)
       [8] execute (res://addons/gdUnit4/src/core/execution/stages/IGdUnitExecutionStage.gd:19)
       [9] _execute (res://addons/gdUnit4/src/core/execution/stages/GdUnitTestCaseExecutionStage.gd:26)
       [10] execute (res://addons/gdUnit4/src/core/execution/stages/IGdUnitExecutionStage.gd:19)
       [11] _execute (res://addons/gdUnit4/src/core/execution/stages/GdUnitTestSuiteExecutionStage.gd:36)
       [12] execute (res://addons/gdUnit4/src/core/execution/stages/IGdUnitExecutionStage.gd:19)
       [13] _execute (res://addons/gdUnit4/src/core/execution/stages/GdUnitTestCaseExecutionStage.gd:35)
       [14] execute (res://addons/gdUnit4/src/core/execution/stages/IGdUnitExecutionStage.gd:19)
       [15] _execute (res://addons/gdUnit4/src/core/execution/stages/single/GdUnitTestCaseSingleExecutionStage.gd:28)
       [16] execute (res://addons/gdUnit4/src/core/execution/stages/IGdUnitExecutionStage.gd:19)
       [17] _execute (res://addons/gdUnit4/src/core/execution/stages/single/GdUnitTestCaseSingleTestStage.gd:10)
       [18] execute (res://addons/gdUnit4/src/core/_TestCase.gd:41)
       [19] test_completed (res://addons/gdUnit4/src/core/_TestCase.gd:86)
ERROR: Condition "!is_inside_tree()" is true. Returning: Transform3D()
   at: get_global_transform (scene/3d/node_3d.cpp:649)
   GDScript backtrace (most recent call first):
       [0] _build_car (res://scripts/ui/grid_spawner.gd:55)
       [1] build_grid (res://scripts/ui/grid_spawner.gd:39)
       [2] test_grid_spawner_paints_rivals_with_the_tuned_paint_response (res://tests/suites/test_car_paint_materials.gd:156)
       [3] _execute_test_case (res://addons/gdUnit4/src/core/_TestCase.gd:79)
       [4] execute (res://addons/gdUnit4/src/core/_TestCase.gd:40)
       [5] _execute (res://addons/gdUnit4/src/core/execution/stages/single/GdUnitTestCaseSingleTestStage.gd:10)
       [6] execute (res://addons/gdUnit4/src/core/execution/stages/IGdUnitExecutionStage.gd:19)
       [7] _execute (res://addons/gdUnit4/src/core/execution/stages/single/GdUnitTestCaseSingleExecutionStage.gd:17)
       [8] execute (res://addons/gdUnit4/src/core/execution/stages/IGdUnitExecutionStage.gd:19)
       [9] _execute (res://addons/gdUnit4/src/core/execution/stages/GdUnitTestCaseExecutionStage.gd:26)
       [10] execute (res://addons/gdUnit4/src/core/execution/stages/IGdUnitExecutionStage.gd:19)
       [11] _execute (res://addons/gdUnit4/src/core/execution/stages/GdUnitTestSuiteExecutionStage.gd:36)
       [12] execute (res://addons/gdUnit4/src/core/execution/stages/IGdUnitExecutionStage.gd:19)
       [13] _execute (res://addons/gdUnit4/src/core/execution/stages/GdUnitTestCaseExecutionStage.gd:35)
       [14] execute (res://addons/gdUnit4/src/core/execution/stages/IGdUnitExecutionStage.gd:19)
       [15] _execute (res://addons/gdUnit4/src/core/execution/stages/single/GdUnitTestCaseSingleExecutionStage.gd:28)
       [16] execute (res://addons/gdUnit4/src/core/execution/stages/IGdUnitExecutionStage.gd:19)
       [17] _execute (res://addons/gdUnit4/src/core/execution/stages/single/GdUnitTestCaseSingleTestStage.gd:10)
       [18] execute (res://addons/gdUnit4/src/core/_TestCase.gd:41)
       [19] test_completed (res://addons/gdUnit4/src/core/_TestCase.gd:86)
ERROR: Parameter "material" is null.
   at: material_get_instance_shader_parameters (servers/rendering/dummy/storage/material_storage.cpp:264)
ERROR: Parameter "material" is null.
   at: material_get_instance_shader_parameters (servers/rendering/dummy/storage/material_storage.cpp:264)
ERROR: Parameter "material" is null.
   at: material_get_instance_shader_parameters (servers/rendering/dummy/storage/material_storage.cpp:264)
ERROR: Parameter "material" is null.
   at: material_get_instance_shader_parameters (servers/rendering/dummy/storage/material_storage.cpp:264)
ERROR: Node not found: "WheelFL" (relative to "/root/HUD/NavPlayer").
   at: get_node (scene/main/node.cpp:1975)
   GDScript backtrace (most recent call first):
       [0] @implicit_ready (res://scripts/vehicle/vehicle_physics.gd:70)
       [1] test_nav_widget_shows_hard_brake_before_corner_and_flag_hides_it (res://tests/suites/test_gps_route_follow.gd:264)
       [2] simulate_frames (res://addons/gdUnit4/src/core/GdUnitSceneRunnerImpl.gd:418)
ERROR: Node not found: "WheelFR" (relative to "/root/HUD/NavPlayer").
   at: get_node (scene/main/node.cpp:1975)
   GDScript backtrace (most recent call first):
       [0] @implicit_ready (res://scripts/vehicle/vehicle_physics.gd:71)
       [1] test_nav_widget_shows_hard_brake_before_corner_and_flag_hides_it (res://tests/suites/test_gps_route_follow.gd:264)
       [2] simulate_frames (res://addons/gdUnit4/src/core/GdUnitSceneRunnerImpl.gd:418)
ERROR: Node not found: "WheelRL" (relative to "/root/HUD/NavPlayer").
   at: get_node (scene/main/node.cpp:1975)
   GDScript backtrace (most recent call first):
       [0] @implicit_ready (res://scripts/vehicle/vehicle_physics.gd:72)
       [1] test_nav_widget_shows_hard_brake_before_corner_and_flag_hides_it (res://tests/suites/test_gps_route_follow.gd:264)
       [2] simulate_frames (res://addons/gdUnit4/src/core/GdUnitSceneRunnerImpl.gd:418)
ERROR: Node not found: "WheelRR" (relative to "/root/HUD/NavPlayer").
   at: get_node (scene/main/node.cpp:1975)
   GDScript backtrace (most recent call first):
       [0] @implicit_ready (res://scripts/vehicle/vehicle_physics.gd:73)
       [1] test_nav_widget_shows_hard_brake_before_corner_and_flag_hides_it (res://tests/suites/test_gps_route_follow.gd:264)
       [2] simulate_frames (res://addons/gdUnit4/src/core/GdUnitSceneRunnerImpl.gd:418)
WARNING: instance_reset_physics_interpolation() is deprecated.
   at: _instance_reset_physics_interpolation_bind_compat_104269 (servers/rendering/rendering_server.compat.inc:62)
   GDScript backtrace (most recent call first):
       [0] _init (res://addons/gdUnit4/src/core/GdUnitSceneRunnerImpl.gd:72)
       [1] scene_runner (res://addons/gdUnit4/src/GdUnitTestSuite.gd:270)
       [2] test_open_world_hud_tracks_real_player_while_traffic_loads (res://tests/suites/test_open_world_hud.gd:110)
       [3] _execute_test_case (res://addons/gdUnit4/src/core/_TestCase.gd:79)
       [4] execute (res://addons/gdUnit4/src/core/_TestCase.gd:40)
       [5] _execute (res://addons/gdUnit4/src/core/execution/stages/single/GdUnitTestCaseSingleTestStage.gd:10)
       [6] execute (res://addons/gdUnit4/src/core/execution/stages/IGdUnitExecutionStage.gd:19)
       [7] _execute (res://addons/gdUnit4/src/core/execution/stages/single/GdUnitTestCaseSingleExecutionStage.gd:17)
       [8] execute (res://addons/gdUnit4/src/core/execution/stages/IGdUnitExecutionStage.gd:19)
       [9] _execute (res://addons/gdUnit4/src/core/execution/stages/GdUnitTestCaseExecutionStage.gd:26)
       [10] execute (res://addons/gdUnit4/src/core/execution/stages/IGdUnitExecutionStage.gd:19)
       [11] _execute (res://addons/gdUnit4/src/core/execution/stages/GdUnitTestSuiteExecutionStage.gd:36)
       [12] execute (res://addons/gdUnit4/src/core/execution/stages/IGdUnitExecutionStage.gd:19)
       [13] _execute (res://addons/gdUnit4/src/core/execution/stages/GdUnitTestCaseExecutionStage.gd:35)
       [14] execute (res://addons/gdUnit4/src/core/execution/stages/IGdUnitExecutionStage.gd:19)
       [15] _execute (res://addons/gdUnit4/src/core/execution/stages/single/GdUnitTestCaseSingleExecutionStage.gd:28)
       [16] execute (res://addons/gdUnit4/src/core/execution/stages/IGdUnitExecutionStage.gd:19)
       [17] _execute (res://addons/gdUnit4/src/core/execution/stages/single/GdUnitTestCaseSingleTestStage.gd:10)
       [18] execute (res://addons/gdUnit4/src/core/_TestCase.gd:41)
       [19] test_completed (res://addons/gdUnit4/src/core/_TestCase.gd:86)
ERROR: Condition "!is_inside_tree()" is true. Returning: Transform3D()
   at: get_global_transform (scene/3d/node_3d.cpp:649)
   GDScript backtrace (most recent call first):
       [0] _rebuild (res://scripts/ui/world_map.gd:181)
       [1] _draw (res://scripts/ui/world_map.gd:111)
ERROR: Condition "!is_inside_tree()" is true. Returning: Transform3D()
   at: get_global_transform (scene/3d/node_3d.cpp:649)
   GDScript backtrace (most recent call first):
       [0] _rebuild (res://scripts/ui/world_map.gd:182)
       [1] _draw (res://scripts/ui/world_map.gd:111)
ERROR: Condition "!is_inside_tree()" is true. Returning: Transform3D()
   at: get_global_transform (scene/3d/node_3d.cpp:649)
   GDScript backtrace (most recent call first):
       [0] _rebuild (res://scripts/ui/world_map.gd:181)
       [1] test_world_map_places_player_chevron_at_world_projection (res://tests/suites/test_player_marker.gd:146)
       [2] await_idle_frame (res://addons/gdUnit4/src/GdUnitTestSuite.gd:204)
       [3] await_idle_frame (res://addons/gdUnit4/src/GdUnitAwaiter.gd:73)
ERROR: Condition "!is_inside_tree()" is true. Returning: Transform3D()
   at: get_global_transform (scene/3d/node_3d.cpp:649)
   GDScript backtrace (most recent call first):
       [0] _rebuild (res://scripts/ui/world_map.gd:182)
       [1] test_world_map_places_player_chevron_at_world_projection (res://tests/suites/test_player_marker.gd:146)
       [2] await_idle_frame (res://addons/gdUnit4/src/GdUnitTestSuite.gd:204)
       [3] await_idle_frame (res://addons/gdUnit4/src/GdUnitAwaiter.gd:73)
ERROR: Condition "!is_inside_tree()" is true. Returning: Transform3D()
   at: get_global_transform (scene/3d/node_3d.cpp:649)
   GDScript backtrace (most recent call first):
       [0] test_world_map_places_player_chevron_at_world_projection (res://tests/suites/test_player_marker.gd:152)
       [1] await_idle_frame (res://addons/gdUnit4/src/GdUnitTestSuite.gd:204)
       [2] await_idle_frame (res://addons/gdUnit4/src/GdUnitAwaiter.gd:73)
ERROR: Condition "!is_inside_tree()" is true. Returning: Transform3D()
   at: get_global_transform (scene/3d/node_3d.cpp:649)
   GDScript backtrace (most recent call first):
       [0] _rebuild (res://scripts/ui/world_map.gd:181)
       [1] _draw (res://scripts/ui/world_map.gd:111)
ERROR: Condition "!is_inside_tree()" is true. Returning: Transform3D()
   at: get_global_transform (scene/3d/node_3d.cpp:649)
   GDScript backtrace (most recent call first):
       [0] _rebuild (res://scripts/ui/world_map.gd:182)
       [1] _draw (res://scripts/ui/world_map.gd:111)
ERROR: Condition "!is_inside_tree()" is true. Returning: Transform3D()
   at: get_global_transform (scene/3d/node_3d.cpp:649)
   GDScript backtrace (most recent call first):
       [0] _rebuild (res://scripts/ui/world_map.gd:181)
       [1] test_world_map_keeps_player_visible_when_world_locked (res://tests/suites/test_player_marker.gd:186)
       [2] await_idle_frame (res://addons/gdUnit4/src/GdUnitTestSuite.gd:204)
       [3] await_idle_frame (res://addons/gdUnit4/src/GdUnitAwaiter.gd:73)
ERROR: Condition "!is_inside_tree()" is true. Returning: Transform3D()
   at: get_global_transform (scene/3d/node_3d.cpp:649)
   GDScript backtrace (most recent call first):
       [0] _rebuild (res://scripts/ui/world_map.gd:182)
       [1] test_world_map_keeps_player_visible_when_world_locked (res://tests/suites/test_player_marker.gd:186)
       [2] await_idle_frame (res://addons/gdUnit4/src/GdUnitTestSuite.gd:204)
       [3] await_idle_frame (res://addons/gdUnit4/src/GdUnitAwaiter.gd:73)
ERROR: Condition "!is_inside_tree()" is true. Returning: Transform3D()
   at: get_global_transform (scene/3d/node_3d.cpp:649)
   GDScript backtrace (most recent call first):
       [0] test_world_map_keeps_player_visible_when_world_locked (res://tests/suites/test_player_marker.gd:194)
       [1] await_idle_frame (res://addons/gdUnit4/src/GdUnitTestSuite.gd:204)
       [2] await_idle_frame (res://addons/gdUnit4/src/GdUnitAwaiter.gd:73)
ERROR: Condition "!is_inside_tree()" is true. Returning: Transform3D()
   at: get_global_transform (scene/3d/node_3d.cpp:649)
   GDScript backtrace (most recent call first):
       [0] _process (res://scripts/ui/minimap.gd:174)
ERROR: Condition "!is_inside_tree()" is true. Returning: Transform3D()
   at: get_global_transform (scene/3d/node_3d.cpp:649)
   GDScript backtrace (most recent call first):
       [0] _process (res://scripts/ui/minimap.gd:175)
ERROR: Condition "!is_inside_tree()" is true. Returning: Transform3D()
   at: get_global_transform (scene/3d/node_3d.cpp:649)
   GDScript backtrace (most recent call first):
       [0] _process (res://scripts/ui/minimap.gd:174)
ERROR: Condition "!is_inside_tree()" is true. Returning: Transform3D()
   at: get_global_transform (scene/3d/node_3d.cpp:649)
   GDScript backtrace (most recent call first):
       [0] _process (res://scripts/ui/minimap.gd:175)
ERROR: Condition "!is_inside_tree()" is true. Returning: Transform3D()
   at: get_global_transform (scene/3d/node_3d.cpp:649)
   GDScript backtrace (most recent call first):
       [0] _process (res://scripts/ui/minimap.gd:174)
       [1] test_minimap_chevron_tracks_player_heading_and_pulse (res://tests/suites/test_player_marker.gd:228)
       [2] await_idle_frame (res://addons/gdUnit4/src/GdUnitTestSuite.gd:204)
       [3] await_idle_frame (res://addons/gdUnit4/src/GdUnitAwaiter.gd:73)
ERROR: Condition "!is_inside_tree()" is true. Returning: Transform3D()
   at: get_global_transform (scene/3d/node_3d.cpp:649)
   GDScript backtrace (most recent call first):
       [0] _process (res://scripts/ui/minimap.gd:175)
       [1] test_minimap_chevron_tracks_player_heading_and_pulse (res://tests/suites/test_player_marker.gd:228)
       [2] await_idle_frame (res://addons/gdUnit4/src/GdUnitTestSuite.gd:204)
       [3] await_idle_frame (res://addons/gdUnit4/src/GdUnitAwaiter.gd:73)
ERROR: Condition "!is_inside_tree()" is true. Returning: Transform3D()
   at: get_global_transform (scene/3d/node_3d.cpp:649)
   GDScript backtrace (most recent call first):
       [0] _process (res://scripts/ui/minimap.gd:174)
       [1] test_minimap_chevron_tracks_player_heading_and_pulse (res://tests/suites/test_player_marker.gd:229)
       [2] await_idle_frame (res://addons/gdUnit4/src/GdUnitTestSuite.gd:204)
       [3] await_idle_frame (res://addons/gdUnit4/src/GdUnitAwaiter.gd:73)
ERROR: Condition "!is_inside_tree()" is true. Returning: Transform3D()
   at: get_global_transform (scene/3d/node_3d.cpp:649)
   GDScript backtrace (most recent call first):
       [0] _process (res://scripts/ui/minimap.gd:175)
       [1] test_minimap_chevron_tracks_player_heading_and_pulse (res://tests/suites/test_player_marker.gd:229)
       [2] await_idle_frame (res://addons/gdUnit4/src/GdUnitTestSuite.gd:204)
       [3] await_idle_frame (res://addons/gdUnit4/src/GdUnitAwaiter.gd:73)
ERROR: Error calling from signal 'lap_completed' to callable: 'Node(race_manager.gd)::reset_checkpoints': Method expected 0 argument(s), but called with 3.
   at: emit_signalp (core/object/object.cpp:1311)
   GDScript backtrace (most recent call first):
       [0] update (res://scripts/track/lap_counter.gd:41)
       [1] test_checkpoints_rearm_after_lap_completed (res://tests/suites/test_race_loop.gd:158)
       [2] _execute_test_case (res://addons/gdUnit4/src/core/_TestCase.gd:79)
       [3] execute (res://addons/gdUnit4/src/core/_TestCase.gd:40)
       [4] _execute (res://addons/gdUnit4/src/core/execution/stages/single/GdUnitTestCaseSingleTestStage.gd:10)
       [5] execute (res://addons/gdUnit4/src/core/execution/stages/IGdUnitExecutionStage.gd:19)
       [6] _execute (res://addons/gdUnit4/src/core/execution/stages/single/GdUnitTestCaseSingleExecutionStage.gd:17)
       [7] execute (res://addons/gdUnit4/src/core/execution/stages/IGdUnitExecutionStage.gd:19)
       [8] _execute (res://addons/gdUnit4/src/core/execution/stages/GdUnitTestCaseExecutionStage.gd:26)
       [9] execute (res://addons/gdUnit4/src/core/execution/stages/IGdUnitExecutionStage.gd:19)
       [10] _execute (res://addons/gdUnit4/src/core/execution/stages/GdUnitTestSuiteExecutionStage.gd:36)
       [11] execute (res://addons/gdUnit4/src/core/execution/stages/IGdUnitExecutionStage.gd:19)
       [12] _execute (res://addons/gdUnit4/src/core/execution/stages/GdUnitTestCaseExecutionStage.gd:35)
       [13] execute (res://addons/gdUnit4/src/core/execution/stages/IGdUnitExecutionStage.gd:19)
       [14] _execute (res://addons/gdUnit4/src/core/execution/stages/single/GdUnitTestCaseSingleExecutionStage.gd:28)
       [15] execute (res://addons/gdUnit4/src/core/execution/stages/IGdUnitExecutionStage.gd:19)
       [16] _execute (res://addons/gdUnit4/src/core/execution/stages/single/GdUnitTestCaseSingleTestStage.gd:10)
       [17] execute (res://addons/gdUnit4/src/core/_TestCase.gd:41)
       [18] test_completed (res://addons/gdUnit4/src/core/_TestCase.gd:86)
ERROR: Condition "!is_inside_tree()" is true. Returning: Transform3D()
   at: get_global_transform (scene/3d/node_3d.cpp:649)
   GDScript backtrace (most recent call first):
       [0] _distance_to_next_checkpoint (res://autoload/race_manager.gd:204)
       [1] <anonymous lambda> (res://autoload/race_manager.gd:186)
       [2] get_standings (res://autoload/race_manager.gd:177)
       [3] test_standings_distance_tiebreak (res://tests/suites/test_race_loop.gd:188)
       [4] _execute_test_case (res://addons/gdUnit4/src/core/_TestCase.gd:79)
       [5] execute (res://addons/gdUnit4/src/core/_TestCase.gd:40)
       [6] _execute (res://addons/gdUnit4/src/core/execution/stages/single/GdUnitTestCaseSingleTestStage.gd:10)
       [7] execute (res://addons/gdUnit4/src/core/execution/stages/IGdUnitExecutionStage.gd:19)
       [8] _execute (res://addons/gdUnit4/src/core/execution/stages/single/GdUnitTestCaseSingleExecutionStage.gd:17)
       [9] execute (res://addons/gdUnit4/src/core/execution/stages/IGdUnitExecutionStage.gd:19)
       [10] _execute (res://addons/gdUnit4/src/core/execution/stages/GdUnitTestCaseExecutionStage.gd:26)
       [11] execute (res://addons/gdUnit4/src/core/execution/stages/IGdUnitExecutionStage.gd:19)
       [12] _execute (res://addons/gdUnit4/src/core/execution/stages/GdUnitTestSuiteExecutionStage.gd:36)
       [13] execute (res://addons/gdUnit4/src/core/execution/stages/IGdUnitExecutionStage.gd:19)
       [14] _execute (res://addons/gdUnit4/src/core/execution/stages/GdUnitTestCaseExecutionStage.gd:35)
       [15] execute (res://addons/gdUnit4/src/core/execution/stages/IGdUnitExecutionStage.gd:19)
       [16] _execute (res://addons/gdUnit4/src/core/execution/stages/single/GdUnitTestCaseSingleExecutionStage.gd:28)
       [17] execute (res://addons/gdUnit4/src/core/execution/stages/IGdUnitExecutionStage.gd:19)
       [18] _execute (res://addons/gdUnit4/src/core/execution/stages/single/GdUnitTestCaseSingleTestStage.gd:10)
       [19] execute (res://addons/gdUnit4/src/core/_TestCase.gd:41)
       [20] test_completed (res://addons/gdUnit4/src/core/_TestCase.gd:86)
ERROR: Condition "!is_inside_tree()" is true. Returning: Transform3D()
   at: get_global_transform (scene/3d/node_3d.cpp:649)
   GDScript backtrace (most recent call first):
       [0] _distance_to_next_checkpoint (res://autoload/race_manager.gd:204)
       [1] <anonymous lambda> (res://autoload/race_manager.gd:186)
       [2] get_standings (res://autoload/race_manager.gd:177)
       [3] test_standings_distance_tiebreak (res://tests/suites/test_race_loop.gd:188)
       [4] _execute_test_case (res://addons/gdUnit4/src/core/_TestCase.gd:79)
       [5] execute (res://addons/gdUnit4/src/core/_TestCase.gd:40)
       [6] _execute (res://addons/gdUnit4/src/core/execution/stages/single/GdUnitTestCaseSingleTestStage.gd:10)
       [7] execute (res://addons/gdUnit4/src/core/execution/stages/IGdUnitExecutionStage.gd:19)
       [8] _execute (res://addons/gdUnit4/src/core/execution/stages/single/GdUnitTestCaseSingleExecutionStage.gd:17)
       [9] execute (res://addons/gdUnit4/src/core/execution/stages/IGdUnitExecutionStage.gd:19)
       [10] _execute (res://addons/gdUnit4/src/core/execution/stages/GdUnitTestCaseExecutionStage.gd:26)
       [11] execute (res://addons/gdUnit4/src/core/execution/stages/IGdUnitExecutionStage.gd:19)
       [12] _execute (res://addons/gdUnit4/src/core/execution/stages/GdUnitTestSuiteExecutionStage.gd:36)
       [13] execute (res://addons/gdUnit4/src/core/execution/stages/IGdUnitExecutionStage.gd:19)
       [14] _execute (res://addons/gdUnit4/src/core/execution/stages/GdUnitTestCaseExecutionStage.gd:35)
       [15] execute (res://addons/gdUnit4/src/core/execution/stages/IGdUnitExecutionStage.gd:19)
       [16] _execute (res://addons/gdUnit4/src/core/execution/stages/single/GdUnitTestCaseSingleExecutionStage.gd:28)
       [17] execute (res://addons/gdUnit4/src/core/execution/stages/IGdUnitExecutionStage.gd:19)
       [18] _execute (res://addons/gdUnit4/src/core/execution/stages/single/GdUnitTestCaseSingleTestStage.gd:10)
       [19] execute (res://addons/gdUnit4/src/core/_TestCase.gd:41)
       [20] test_completed (res://addons/gdUnit4/src/core/_TestCase.gd:86)
ERROR: Condition "!is_inside_tree()" is true. Returning: Transform3D()
   at: get_global_transform (scene/3d/node_3d.cpp:649)
   GDScript backtrace (most recent call first):
       [0] _distance_to_next_checkpoint (res://autoload/race_manager.gd:204)
       [1] <anonymous lambda> (res://autoload/race_manager.gd:186)
       [2] get_standings (res://autoload/race_manager.gd:177)
       [3] test_standings_distance_tiebreak (res://tests/suites/test_race_loop.gd:188)
       [4] _execute_test_case (res://addons/gdUnit4/src/core/_TestCase.gd:79)
       [5] execute (res://addons/gdUnit4/src/core/_TestCase.gd:40)
       [6] _execute (res://addons/gdUnit4/src/core/execution/stages/single/GdUnitTestCaseSingleTestStage.gd:10)
       [7] execute (res://addons/gdUnit4/src/core/execution/stages/IGdUnitExecutionStage.gd:19)
       [8] _execute (res://addons/gdUnit4/src/core/execution/stages/single/GdUnitTestCaseSingleExecutionStage.gd:17)
       [9] execute (res://addons/gdUnit4/src/core/execution/stages/IGdUnitExecutionStage.gd:19)
       [10] _execute (res://addons/gdUnit4/src/core/execution/stages/GdUnitTestCaseExecutionStage.gd:26)
       [11] execute (res://addons/gdUnit4/src/core/execution/stages/IGdUnitExecutionStage.gd:19)
       [12] _execute (res://addons/gdUnit4/src/core/execution/stages/GdUnitTestSuiteExecutionStage.gd:36)
       [13] execute (res://addons/gdUnit4/src/core/execution/stages/IGdUnitExecutionStage.gd:19)
       [14] _execute (res://addons/gdUnit4/src/core/execution/stages/GdUnitTestCaseExecutionStage.gd:35)
       [15] execute (res://addons/gdUnit4/src/core/execution/stages/IGdUnitExecutionStage.gd:19)
       [16] _execute (res://addons/gdUnit4/src/core/execution/stages/single/GdUnitTestCaseSingleExecutionStage.gd:28)
       [17] execute (res://addons/gdUnit4/src/core/execution/stages/IGdUnitExecutionStage.gd:19)
       [18] _execute (res://addons/gdUnit4/src/core/execution/stages/single/GdUnitTestCaseSingleTestStage.gd:10)
       [19] execute (res://addons/gdUnit4/src/core/_TestCase.gd:41)
       [20] test_completed (res://addons/gdUnit4/src/core/_TestCase.gd:86)
ERROR: Condition "!is_inside_tree()" is true. Returning: Transform3D()
   at: get_global_transform (scene/3d/node_3d.cpp:649)
   GDScript backtrace (most recent call first):
       [0] _distance_to_next_checkpoint (res://autoload/race_manager.gd:204)
       [1] <anonymous lambda> (res://autoload/race_manager.gd:186)
       [2] get_standings (res://autoload/race_manager.gd:177)
       [3] test_standings_distance_tiebreak (res://tests/suites/test_race_loop.gd:188)
       [4] _execute_test_case (res://addons/gdUnit4/src/core/_TestCase.gd:79)
       [5] execute (res://addons/gdUnit4/src/core/_TestCase.gd:40)
       [6] _execute (res://addons/gdUnit4/src/core/execution/stages/single/GdUnitTestCaseSingleTestStage.gd:10)
       [7] execute (res://addons/gdUnit4/src/core/execution/stages/IGdUnitExecutionStage.gd:19)
       [8] _execute (res://addons/gdUnit4/src/core/execution/stages/single/GdUnitTestCaseSingleExecutionStage.gd:17)
       [9] execute (res://addons/gdUnit4/src/core/execution/stages/IGdUnitExecutionStage.gd:19)
       [10] _execute (res://addons/gdUnit4/src/core/execution/stages/GdUnitTestCaseExecutionStage.gd:26)
       [11] execute (res://addons/gdUnit4/src/core/execution/stages/IGdUnitExecutionStage.gd:19)
       [12] _execute (res://addons/gdUnit4/src/core/execution/stages/GdUnitTestSuiteExecutionStage.gd:36)
       [13] execute (res://addons/gdUnit4/src/core/execution/stages/IGdUnitExecutionStage.gd:19)
       [14] _execute (res://addons/gdUnit4/src/core/execution/stages/GdUnitTestCaseExecutionStage.gd:35)
       [15] execute (res://addons/gdUnit4/src/core/execution/stages/IGdUnitExecutionStage.gd:19)
       [16] _execute (res://addons/gdUnit4/src/core/execution/stages/single/GdUnitTestCaseSingleExecutionStage.gd:28)
       [17] execute (res://addons/gdUnit4/src/core/execution/stages/IGdUnitExecutionStage.gd:19)
       [18] _execute (res://addons/gdUnit4/src/core/execution/stages/single/GdUnitTestCaseSingleTestStage.gd:10)
       [19] execute (res://addons/gdUnit4/src/core/_TestCase.gd:41)
       [20] test_completed (res://addons/gdUnit4/src/core/_TestCase.gd:86)
ERROR: Error calling from signal 'lap_completed' to callable: 'Node(race_manager.gd)::reset_checkpoints': Method expected 0 argument(s), but called with 3.
   at: emit_signalp (core/object/object.cpp:1311)
   GDScript backtrace (most recent call first):
       [0] update (res://scripts/track/lap_counter.gd:41)
       [1] test_standings_lap_then_checkpoint_ordering (res://tests/suites/test_race_loop.gd:207)
       [2] _execute_test_case (res://addons/gdUnit4/src/core/_TestCase.gd:79)
       [3] execute (res://addons/gdUnit4/src/core/_TestCase.gd:40)
       [4] _execute (res://addons/gdUnit4/src/core/execution/stages/single/GdUnitTestCaseSingleTestStage.gd:10)
       [5] execute (res://addons/gdUnit4/src/core/execution/stages/IGdUnitExecutionStage.gd:19)
       [6] _execute (res://addons/gdUnit4/src/core/execution/stages/single/GdUnitTestCaseSingleExecutionStage.gd:17)
       [7] execute (res://addons/gdUnit4/src/core/execution/stages/IGdUnitExecutionStage.gd:19)
       [8] _execute (res://addons/gdUnit4/src/core/execution/stages/GdUnitTestCaseExecutionStage.gd:26)
       [9] execute (res://addons/gdUnit4/src/core/execution/stages/IGdUnitExecutionStage.gd:19)
       [10] _execute (res://addons/gdUnit4/src/core/execution/stages/GdUnitTestSuiteExecutionStage.gd:36)
       [11] execute (res://addons/gdUnit4/src/core/execution/stages/IGdUnitExecutionStage.gd:19)
       [12] _execute (res://addons/gdUnit4/src/core/execution/stages/GdUnitTestCaseExecutionStage.gd:35)
       [13] execute (res://addons/gdUnit4/src/core/execution/stages/IGdUnitExecutionStage.gd:19)
       [14] _execute (res://addons/gdUnit4/src/core/execution/stages/single/GdUnitTestCaseSingleExecutionStage.gd:28)
       [15] execute (res://addons/gdUnit4/src/core/execution/stages/IGdUnitExecutionStage.gd:19)
       [16] _execute (res://addons/gdUnit4/src/core/execution/stages/single/GdUnitTestCaseSingleTestStage.gd:10)
       [17] execute (res://addons/gdUnit4/src/core/_TestCase.gd:41)
       [18] test_completed (res://addons/gdUnit4/src/core/_TestCase.gd:86)
ERROR: Error calling from signal 'lap_completed' to callable: 'Node(race_manager.gd)::reset_checkpoints': Method expected 0 argument(s), but called with 3.
   at: emit_signalp (core/object/object.cpp:1311)
   GDScript backtrace (most recent call first):
       [0] update (res://scripts/track/lap_counter.gd:41)
       [1] test_standings_lap_then_checkpoint_ordering (res://tests/suites/test_race_loop.gd:209)
       [2] _execute_test_case (res://addons/gdUnit4/src/core/_TestCase.gd:79)
       [3] execute (res://addons/gdUnit4/src/core/_TestCase.gd:40)
       [4] _execute (res://addons/gdUnit4/src/core/execution/stages/single/GdUnitTestCaseSingleTestStage.gd:10)
       [5] execute (res://addons/gdUnit4/src/core/execution/stages/IGdUnitExecutionStage.gd:19)
       [6] _execute (res://addons/gdUnit4/src/core/execution/stages/single/GdUnitTestCaseSingleExecutionStage.gd:17)
       [7] execute (res://addons/gdUnit4/src/core/execution/stages/IGdUnitExecutionStage.gd:19)
       [8] _execute (res://addons/gdUnit4/src/core/execution/stages/GdUnitTestCaseExecutionStage.gd:26)
       [9] execute (res://addons/gdUnit4/src/core/execution/stages/IGdUnitExecutionStage.gd:19)
       [10] _execute (res://addons/gdUnit4/src/core/execution/stages/GdUnitTestSuiteExecutionStage.gd:36)
       [11] execute (res://addons/gdUnit4/src/core/execution/stages/IGdUnitExecutionStage.gd:19)
       [12] _execute (res://addons/gdUnit4/src/core/execution/stages/GdUnitTestCaseExecutionStage.gd:35)
       [13] execute (res://addons/gdUnit4/src/core/execution/stages/IGdUnitExecutionStage.gd:19)
       [14] _execute (res://addons/gdUnit4/src/core/execution/stages/single/GdUnitTestCaseSingleExecutionStage.gd:28)
       [15] execute (res://addons/gdUnit4/src/core/execution/stages/IGdUnitExecutionStage.gd:19)
       [16] _execute (res://addons/gdUnit4/src/core/execution/stages/single/GdUnitTestCaseSingleTestStage.gd:10)
       [17] execute (res://addons/gdUnit4/src/core/_TestCase.gd:41)
       [18] test_completed (res://addons/gdUnit4/src/core/_TestCase.gd:86)
ERROR: Condition "!is_inside_tree()" is true. Returning: Transform3D()
   at: get_global_transform (scene/3d/node_3d.cpp:649)
   GDScript backtrace (most recent call first):
       [0] _distance_to_next_checkpoint (res://autoload/race_manager.gd:204)
       [1] <anonymous lambda> (res://autoload/race_manager.gd:186)
       [2] get_standings (res://autoload/race_manager.gd:177)
       [3] test_standings_lap_then_checkpoint_ordering (res://tests/suites/test_race_loop.gd:212)
       [4] _execute_test_case (res://addons/gdUnit4/src/core/_TestCase.gd:79)
       [5] execute (res://addons/gdUnit4/src/core/_TestCase.gd:40)
       [6] _execute (res://addons/gdUnit4/src/core/execution/stages/single/GdUnitTestCaseSingleTestStage.gd:10)
       [7] execute (res://addons/gdUnit4/src/core/execution/stages/IGdUnitExecutionStage.gd:19)
       [8] _execute (res://addons/gdUnit4/src/core/execution/stages/single/GdUnitTestCaseSingleExecutionStage.gd:17)
       [9] execute (res://addons/gdUnit4/src/core/execution/stages/IGdUnitExecutionStage.gd:19)
       [10] _execute (res://addons/gdUnit4/src/core/execution/stages/GdUnitTestCaseExecutionStage.gd:26)
       [11] execute (res://addons/gdUnit4/src/core/execution/stages/IGdUnitExecutionStage.gd:19)
       [12] _execute (res://addons/gdUnit4/src/core/execution/stages/GdUnitTestSuiteExecutionStage.gd:36)
       [13] execute (res://addons/gdUnit4/src/core/execution/stages/IGdUnitExecutionStage.gd:19)
       [14] _execute (res://addons/gdUnit4/src/core/execution/stages/GdUnitTestCaseExecutionStage.gd:35)
       [15] execute (res://addons/gdUnit4/src/core/execution/stages/IGdUnitExecutionStage.gd:19)
       [16] _execute (res://addons/gdUnit4/src/core/execution/stages/single/GdUnitTestCaseSingleExecutionStage.gd:28)
       [17] execute (res://addons/gdUnit4/src/core/execution/stages/IGdUnitExecutionStage.gd:19)
       [18] _execute (res://addons/gdUnit4/src/core/execution/stages/single/GdUnitTestCaseSingleTestStage.gd:10)
       [19] execute (res://addons/gdUnit4/src/core/_TestCase.gd:41)
       [20] test_completed (res://addons/gdUnit4/src/core/_TestCase.gd:86)
ERROR: Condition "!is_inside_tree()" is true. Returning: Transform3D()
   at: get_global_transform (scene/3d/node_3d.cpp:649)
   GDScript backtrace (most recent call first):
       [0] _distance_to_next_checkpoint (res://autoload/race_manager.gd:204)
       [1] <anonymous lambda> (res://autoload/race_manager.gd:186)
       [2] get_standings (res://autoload/race_manager.gd:177)
       [3] test_standings_lap_then_checkpoint_ordering (res://tests/suites/test_race_loop.gd:212)
       [4] _execute_test_case (res://addons/gdUnit4/src/core/_TestCase.gd:79)
       [5] execute (res://addons/gdUnit4/src/core/_TestCase.gd:40)
       [6] _execute (res://addons/gdUnit4/src/core/execution/stages/single/GdUnitTestCaseSingleTestStage.gd:10)
       [7] execute (res://addons/gdUnit4/src/core/execution/stages/IGdUnitExecutionStage.gd:19)
       [8] _execute (res://addons/gdUnit4/src/core/execution/stages/single/GdUnitTestCaseSingleExecutionStage.gd:17)
       [9] execute (res://addons/gdUnit4/src/core/execution/stages/IGdUnitExecutionStage.gd:19)
       [10] _execute (res://addons/gdUnit4/src/core/execution/stages/GdUnitTestCaseExecutionStage.gd:26)
       [11] execute (res://addons/gdUnit4/src/core/execution/stages/IGdUnitExecutionStage.gd:19)
       [12] _execute (res://addons/gdUnit4/src/core/execution/stages/GdUnitTestSuiteExecutionStage.gd:36)
       [13] execute (res://addons/gdUnit4/src/core/execution/stages/IGdUnitExecutionStage.gd:19)
       [14] _execute (res://addons/gdUnit4/src/core/execution/stages/GdUnitTestCaseExecutionStage.gd:35)
       [15] execute (res://addons/gdUnit4/src/core/execution/stages/IGdUnitExecutionStage.gd:19)
       [16] _execute (res://addons/gdUnit4/src/core/execution/stages/single/GdUnitTestCaseSingleExecutionStage.gd:28)
       [17] execute (res://addons/gdUnit4/src/core/execution/stages/IGdUnitExecutionStage.gd:19)
       [18] _execute (res://addons/gdUnit4/src/core/execution/stages/single/GdUnitTestCaseSingleTestStage.gd:10)
       [19] execute (res://addons/gdUnit4/src/core/_TestCase.gd:41)
       [20] test_completed (res://addons/gdUnit4/src/core/_TestCase.gd:86)
ERROR: Condition "!is_inside_tree()" is true. Returning: Transform3D()
   at: get_global_transform (scene/3d/node_3d.cpp:649)
   GDScript backtrace (most recent call first):
       [0] _distance_to_next_checkpoint (res://autoload/race_manager.gd:204)
       [1] <anonymous lambda> (res://autoload/race_manager.gd:186)
       [2] get_standings (res://autoload/race_manager.gd:177)
       [3] test_standings_lap_then_checkpoint_ordering (res://tests/suites/test_race_loop.gd:212)
       [4] _execute_test_case (res://addons/gdUnit4/src/core/_TestCase.gd:79)
       [5] execute (res://addons/gdUnit4/src/core/_TestCase.gd:40)
       [6] _execute (res://addons/gdUnit4/src/core/execution/stages/single/GdUnitTestCaseSingleTestStage.gd:10)
       [7] execute (res://addons/gdUnit4/src/core/execution/stages/IGdUnitExecutionStage.gd:19)
       [8] _execute (res://addons/gdUnit4/src/core/execution/stages/single/GdUnitTestCaseSingleExecutionStage.gd:17)
       [9] execute (res://addons/gdUnit4/src/core/execution/stages/IGdUnitExecutionStage.gd:19)
       [10] _execute (res://addons/gdUnit4/src/core/execution/stages/GdUnitTestCaseExecutionStage.gd:26)
       [11] execute (res://addons/gdUnit4/src/core/execution/stages/IGdUnitExecutionStage.gd:19)
       [12] _execute (res://addons/gdUnit4/src/core/execution/stages/GdUnitTestSuiteExecutionStage.gd:36)
       [13] execute (res://addons/gdUnit4/src/core/execution/stages/IGdUnitExecutionStage.gd:19)
       [14] _execute (res://addons/gdUnit4/src/core/execution/stages/GdUnitTestCaseExecutionStage.gd:35)
       [15] execute (res://addons/gdUnit4/src/core/execution/stages/IGdUnitExecutionStage.gd:19)
       [16] _execute (res://addons/gdUnit4/src/core/execution/stages/single/GdUnitTestCaseSingleExecutionStage.gd:28)
       [17] execute (res://addons/gdUnit4/src/core/execution/stages/IGdUnitExecutionStage.gd:19)
       [18] _execute (res://addons/gdUnit4/src/core/execution/stages/single/GdUnitTestCaseSingleTestStage.gd:10)
       [19] execute (res://addons/gdUnit4/src/core/_TestCase.gd:41)
       [20] test_completed (res://addons/gdUnit4/src/core/_TestCase.gd:86)
ERROR: Condition "!is_inside_tree()" is true. Returning: Transform3D()
   at: get_global_transform (scene/3d/node_3d.cpp:649)
   GDScript backtrace (most recent call first):
       [0] _distance_to_next_checkpoint (res://autoload/race_manager.gd:204)
       [1] <anonymous lambda> (res://autoload/race_manager.gd:186)
       [2] get_standings (res://autoload/race_manager.gd:177)
       [3] test_standings_lap_then_checkpoint_ordering (res://tests/suites/test_race_loop.gd:212)
       [4] _execute_test_case (res://addons/gdUnit4/src/core/_TestCase.gd:79)
       [5] execute (res://addons/gdUnit4/src/core/_TestCase.gd:40)
       [6] _execute (res://addons/gdUnit4/src/core/execution/stages/single/GdUnitTestCaseSingleTestStage.gd:10)
       [7] execute (res://addons/gdUnit4/src/core/execution/stages/IGdUnitExecutionStage.gd:19)
       [8] _execute (res://addons/gdUnit4/src/core/execution/stages/single/GdUnitTestCaseSingleExecutionStage.gd:17)
       [9] execute (res://addons/gdUnit4/src/core/execution/stages/IGdUnitExecutionStage.gd:19)
       [10] _execute (res://addons/gdUnit4/src/core/execution/stages/GdUnitTestCaseExecutionStage.gd:26)
       [11] execute (res://addons/gdUnit4/src/core/execution/stages/IGdUnitExecutionStage.gd:19)
       [12] _execute (res://addons/gdUnit4/src/core/execution/stages/GdUnitTestSuiteExecutionStage.gd:36)
       [13] execute (res://addons/gdUnit4/src/core/execution/stages/IGdUnitExecutionStage.gd:19)
       [14] _execute (res://addons/gdUnit4/src/core/execution/stages/GdUnitTestCaseExecutionStage.gd:35)
       [15] execute (res://addons/gdUnit4/src/core/execution/stages/IGdUnitExecutionStage.gd:19)
       [16] _execute (res://addons/gdUnit4/src/core/execution/stages/single/GdUnitTestCaseSingleExecutionStage.gd:28)
       [17] execute (res://addons/gdUnit4/src/core/execution/stages/IGdUnitExecutionStage.gd:19)
       [18] _execute (res://addons/gdUnit4/src/core/execution/stages/single/GdUnitTestCaseSingleTestStage.gd:10)
       [19] execute (res://addons/gdUnit4/src/core/_TestCase.gd:41)
       [20] test_completed (res://addons/gdUnit4/src/core/_TestCase.gd:86)
ERROR: Condition "!is_inside_tree()" is true. Returning: Transform3D()
   at: get_global_transform (scene/3d/node_3d.cpp:649)
   GDScript backtrace (most recent call first):
       [0] _process (res://scripts/ui/minimap.gd:174)
ERROR: Condition "!is_inside_tree()" is true. Returning: Transform3D()
   at: get_global_transform (scene/3d/node_3d.cpp:649)
   GDScript backtrace (most recent call first):
       [0] _process (res://scripts/ui/minimap.gd:175)
ERROR: Error calling from signal 'lap_completed' to callable: 'Node(race_manager.gd)::reset_checkpoints': Method expected 0 argument(s), but called with 3.
   at: emit_signalp (core/object/object.cpp:1311)
   GDScript backtrace (most recent call first):
       [0] update (res://scripts/track/lap_counter.gd:41)
       [1] test_win_results_overlay_matches_standings_total_and_best_lap (res://tests/suites/test_race_results.gd:75)
       [2] simulate_frames (res://addons/gdUnit4/src/core/GdUnitSceneRunnerImpl.gd:418)
ERROR: Condition "!is_inside_tree()" is true. Returning: Transform3D()
   at: get_global_transform (scene/3d/node_3d.cpp:649)
   GDScript backtrace (most recent call first):
       [0] _distance_to_next_checkpoint (res://autoload/race_manager.gd:204)
       [1] <anonymous lambda> (res://autoload/race_manager.gd:186)
       [2] get_standings (res://autoload/race_manager.gd:177)
       [3] _position_text (res://scripts/race/race_ui.gd:266)
       [4] _process (res://scripts/race/race_ui.gd:105)
ERROR: Condition "!is_inside_tree()" is true. Returning: Transform3D()
   at: get_global_transform (scene/3d/node_3d.cpp:649)
   GDScript backtrace (most recent call first):
       [0] _distance_to_next_checkpoint (res://autoload/race_manager.gd:204)
       [1] <anonymous lambda> (res://autoload/race_manager.gd:186)
       [2] get_standings (res://autoload/race_manager.gd:177)
       [3] _position_text (res://scripts/race/race_ui.gd:266)
       [4] _process (res://scripts/race/race_ui.gd:105)
ERROR: Condition "!is_inside_tree()" is true. Returning: Transform3D()
   at: get_global_transform (scene/3d/node_3d.cpp:649)
   GDScript backtrace (most recent call first):
       [0] _distance_to_next_checkpoint (res://autoload/race_manager.gd:204)
       [1] <anonymous lambda> (res://autoload/race_manager.gd:186)
       [2] get_standings (res://autoload/race_manager.gd:177)
       [3] _position_text (res://scripts/race/race_ui.gd:266)
       [4] _process (res://scripts/race/race_ui.gd:105)
ERROR: Condition "!is_inside_tree()" is true. Returning: Transform3D()
   at: get_global_transform (scene/3d/node_3d.cpp:649)
   GDScript backtrace (most recent call first):
       [0] _distance_to_next_checkpoint (res://autoload/race_manager.gd:204)
       [1] <anonymous lambda> (res://autoload/race_manager.gd:186)
       [2] get_standings (res://autoload/race_manager.gd:177)
       [3] _position_text (res://scripts/race/race_ui.gd:266)
       [4] _process (res://scripts/race/race_ui.gd:105)
ERROR: Condition "!is_inside_tree()" is true. Returning: Transform3D()
   at: get_global_transform (scene/3d/node_3d.cpp:649)
   GDScript backtrace (most recent call first):
       [0] _process (res://scripts/ui/minimap.gd:174)
ERROR: Condition "!is_inside_tree()" is true. Returning: Transform3D()
   at: get_global_transform (scene/3d/node_3d.cpp:649)
   GDScript backtrace (most recent call first):
       [0] _process (res://scripts/ui/minimap.gd:175)
ERROR: Error calling from signal 'lap_completed' to callable: 'Node(race_manager.gd)::reset_checkpoints': Method expected 0 argument(s), but called with 3.
   at: emit_signalp (core/object/object.cpp:1311)
   GDScript backtrace (most recent call first):
       [0] update (res://scripts/track/lap_counter.gd:41)
       [1] test_second_place_is_flat_with_no_celebration (res://tests/suites/test_race_results.gd:105)
       [2] simulate_frames (res://addons/gdUnit4/src/core/GdUnitSceneRunnerImpl.gd:418)
ERROR: Condition "!is_inside_tree()" is true. Returning: Transform3D()
   at: get_global_transform (scene/3d/node_3d.cpp:649)
   GDScript backtrace (most recent call first):
       [0] _process (res://scripts/ui/minimap.gd:174)
ERROR: Condition "!is_inside_tree()" is true. Returning: Transform3D()
   at: get_global_transform (scene/3d/node_3d.cpp:649)
   GDScript backtrace (most recent call first):
       [0] _process (res://scripts/ui/minimap.gd:175)
ERROR: Condition "!is_inside_tree()" is true. Returning: Transform3D()
   at: get_global_transform (scene/3d/node_3d.cpp:649)
   GDScript backtrace (most recent call first):
       [0] _process (res://scripts/ui/minimap.gd:174)
ERROR: Condition "!is_inside_tree()" is true. Returning: Transform3D()
   at: get_global_transform (scene/3d/node_3d.cpp:649)
   GDScript backtrace (most recent call first):
       [0] _process (res://scripts/ui/minimap.gd:175)
ERROR: Condition "!is_inside_tree()" is true. Returning: Transform3D()
   at: get_global_transform (scene/3d/node_3d.cpp:649)
   GDScript backtrace (most recent call first):
       [0] _process (res://scripts/ui/minimap.gd:174)
ERROR: Condition "!is_inside_tree()" is true. Returning: Transform3D()
   at: get_global_transform (scene/3d/node_3d.cpp:649)
   GDScript backtrace (most recent call first):
       [0] _process (res://scripts/ui/minimap.gd:175)
ERROR: Error calling from signal 'lap_completed' to callable: 'Node(race_manager.gd)::reset_checkpoints': Method expected 0 argument(s), but called with 3.
   at: emit_signalp (core/object/object.cpp:1311)
   GDScript backtrace (most recent call first):
       [0] update (res://scripts/track/lap_counter.gd:41)
       [1] test_rival_roster_in_standings_with_checkpoint_tiebreak (res://tests/suites/test_rival_ai.gd:278)
       [2] _execute_test_case (res://addons/gdUnit4/src/core/_TestCase.gd:79)
       [3] execute (res://addons/gdUnit4/src/core/_TestCase.gd:40)
       [4] _execute (res://addons/gdUnit4/src/core/execution/stages/single/GdUnitTestCaseSingleTestStage.gd:10)
       [5] execute (res://addons/gdUnit4/src/core/execution/stages/IGdUnitExecutionStage.gd:19)
       [6] _execute (res://addons/gdUnit4/src/core/execution/stages/single/GdUnitTestCaseSingleExecutionStage.gd:17)
       [7] execute (res://addons/gdUnit4/src/core/execution/stages/IGdUnitExecutionStage.gd:19)
       [8] _execute (res://addons/gdUnit4/src/core/execution/stages/GdUnitTestCaseExecutionStage.gd:26)
       [9] execute (res://addons/gdUnit4/src/core/execution/stages/IGdUnitExecutionStage.gd:19)
       [10] _execute (res://addons/gdUnit4/src/core/execution/stages/GdUnitTestSuiteExecutionStage.gd:36)
       [11] execute (res://addons/gdUnit4/src/core/execution/stages/IGdUnitExecutionStage.gd:19)
       [12] _execute (res://addons/gdUnit4/src/core/execution/stages/GdUnitTestCaseExecutionStage.gd:35)
       [13] execute (res://addons/gdUnit4/src/core/execution/stages/IGdUnitExecutionStage.gd:19)
       [14] _execute (res://addons/gdUnit4/src/core/execution/stages/single/GdUnitTestCaseSingleExecutionStage.gd:28)
       [15] execute (res://addons/gdUnit4/src/core/execution/stages/IGdUnitExecutionStage.gd:19)
       [16] _execute (res://addons/gdUnit4/src/core/execution/stages/single/GdUnitTestCaseSingleTestStage.gd:10)
       [17] execute (res://addons/gdUnit4/src/core/_TestCase.gd:41)
       [18] test_completed (res://addons/gdUnit4/src/core/_TestCase.gd:86)
ERROR: Condition "!is_inside_tree()" is true. Returning: Transform3D()
   at: get_global_transform (scene/3d/node_3d.cpp:649)
   GDScript backtrace (most recent call first):
       [0] resolve_surface_factors (res://scripts/vehicle/vehicle_physics.gd:491)
       [1] test_vehicle_surface_provider_is_settable (res://tests/suites/test_surface_grip.gd:189)
       [2] _execute_test_case (res://addons/gdUnit4/src/core/_TestCase.gd:79)
       [3] execute (res://addons/gdUnit4/src/core/_TestCase.gd:40)
       [4] _execute (res://addons/gdUnit4/src/core/execution/stages/single/GdUnitTestCaseSingleTestStage.gd:10)
       [5] execute (res://addons/gdUnit4/src/core/execution/stages/IGdUnitExecutionStage.gd:19)
       [6] _execute (res://addons/gdUnit4/src/core/execution/stages/single/GdUnitTestCaseSingleExecutionStage.gd:17)
       [7] execute (res://addons/gdUnit4/src/core/execution/stages/IGdUnitExecutionStage.gd:19)
       [8] _execute (res://addons/gdUnit4/src/core/execution/stages/GdUnitTestCaseExecutionStage.gd:26)
       [9] execute (res://addons/gdUnit4/src/core/execution/stages/IGdUnitExecutionStage.gd:19)
       [10] _execute (res://addons/gdUnit4/src/core/execution/stages/GdUnitTestSuiteExecutionStage.gd:36)
       [11] execute (res://addons/gdUnit4/src/core/execution/stages/IGdUnitExecutionStage.gd:19)
       [12] _execute (res://addons/gdUnit4/src/core/execution/stages/GdUnitTestCaseExecutionStage.gd:35)
       [13] execute (res://addons/gdUnit4/src/core/execution/stages/IGdUnitExecutionStage.gd:19)
       [14] _execute (res://addons/gdUnit4/src/core/execution/stages/single/GdUnitTestCaseSingleExecutionStage.gd:28)
       [15] execute (res://addons/gdUnit4/src/core/execution/stages/IGdUnitExecutionStage.gd:19)
       [16] _execute (res://addons/gdUnit4/src/core/execution/stages/single/GdUnitTestCaseSingleTestStage.gd:10)
       [17] execute (res://addons/gdUnit4/src/core/_TestCase.gd:41)
       [18] test_completed (res://addons/gdUnit4/src/core/_TestCase.gd:86)
ERROR: Terrain3D#6184:_grab_camera:155: Cannot find the active camera. Set it manually with Terrain3D.set_camera(). Stopping _physics_process()
   at: push_error (core/variant/variant_utility.cpp:1023)
ERROR: Node not found: "WheelFL" (relative to "/root/test_traffic_driving/@RigidBody3D@1766").
   at: get_node (scene/main/node.cpp:1975)
   GDScript backtrace (most recent call first):
       [0] @implicit_ready (res://scripts/vehicle/vehicle_physics.gd:70)
       [1] _new_stub_car (res://tests/suites/test_traffic_driving.gd:66)
       [2] test_steers_left_for_target_on_the_left (res://tests/suites/test_traffic_driving.gd:96)
       [3] _execute_test_case (res://addons/gdUnit4/src/core/_TestCase.gd:79)
       [4] execute (res://addons/gdUnit4/src/core/_TestCase.gd:40)
       [5] _execute (res://addons/gdUnit4/src/core/execution/stages/single/GdUnitTestCaseSingleTestStage.gd:10)
       [6] execute (res://addons/gdUnit4/src/core/execution/stages/IGdUnitExecutionStage.gd:19)
       [7] _execute (res://addons/gdUnit4/src/core/execution/stages/single/GdUnitTestCaseSingleExecutionStage.gd:17)
       [8] execute (res://addons/gdUnit4/src/core/execution/stages/IGdUnitExecutionStage.gd:19)
       [9] _execute (res://addons/gdUnit4/src/core/execution/stages/GdUnitTestCaseExecutionStage.gd:26)
       [10] execute (res://addons/gdUnit4/src/core/execution/stages/IGdUnitExecutionStage.gd:19)
       [11] _execute (res://addons/gdUnit4/src/core/execution/stages/GdUnitTestSuiteExecutionStage.gd:36)
ERROR: Node not found: "WheelFR" (relative to "/root/test_traffic_driving/@RigidBody3D@1766").
   at: get_node (scene/main/node.cpp:1975)
   GDScript backtrace (most recent call first):
       [0] @implicit_ready (res://scripts/vehicle/vehicle_physics.gd:71)
       [1] _new_stub_car (res://tests/suites/test_traffic_driving.gd:66)
       [2] test_steers_left_for_target_on_the_left (res://tests/suites/test_traffic_driving.gd:96)
       [3] _execute_test_case (res://addons/gdUnit4/src/core/_TestCase.gd:79)
       [4] execute (res://addons/gdUnit4/src/core/_TestCase.gd:40)
       [5] _execute (res://addons/gdUnit4/src/core/execution/stages/single/GdUnitTestCaseSingleTestStage.gd:10)
       [6] execute (res://addons/gdUnit4/src/core/execution/stages/IGdUnitExecutionStage.gd:19)
       [7] _execute (res://addons/gdUnit4/src/core/execution/stages/single/GdUnitTestCaseSingleExecutionStage.gd:17)
       [8] execute (res://addons/gdUnit4/src/core/execution/stages/IGdUnitExecutionStage.gd:19)
       [9] _execute (res://addons/gdUnit4/src/core/execution/stages/GdUnitTestCaseExecutionStage.gd:26)
       [10] execute (res://addons/gdUnit4/src/core/execution/stages/IGdUnitExecutionStage.gd:19)
       [11] _execute (res://addons/gdUnit4/src/core/execution/stages/GdUnitTestSuiteExecutionStage.gd:36)
ERROR: Node not found: "WheelRL" (relative to "/root/test_traffic_driving/@RigidBody3D@1766").
   at: get_node (scene/main/node.cpp:1975)
   GDScript backtrace (most recent call first):
       [0] @implicit_ready (res://scripts/vehicle/vehicle_physics.gd:72)
       [1] _new_stub_car (res://tests/suites/test_traffic_driving.gd:66)
       [2] test_steers_left_for_target_on_the_left (res://tests/suites/test_traffic_driving.gd:96)
       [3] _execute_test_case (res://addons/gdUnit4/src/core/_TestCase.gd:79)
       [4] execute (res://addons/gdUnit4/src/core/_TestCase.gd:40)
       [5] _execute (res://addons/gdUnit4/src/core/execution/stages/single/GdUnitTestCaseSingleTestStage.gd:10)
       [6] execute (res://addons/gdUnit4/src/core/execution/stages/IGdUnitExecutionStage.gd:19)
       [7] _execute (res://addons/gdUnit4/src/core/execution/stages/single/GdUnitTestCaseSingleExecutionStage.gd:17)
       [8] execute (res://addons/gdUnit4/src/core/execution/stages/IGdUnitExecutionStage.gd:19)
       [9] _execute (res://addons/gdUnit4/src/core/execution/stages/GdUnitTestCaseExecutionStage.gd:26)
       [10] execute (res://addons/gdUnit4/src/core/execution/stages/IGdUnitExecutionStage.gd:19)
       [11] _execute (res://addons/gdUnit4/src/core/execution/stages/GdUnitTestSuiteExecutionStage.gd:36)
ERROR: Node not found: "WheelRR" (relative to "/root/test_traffic_driving/@RigidBody3D@1766").
   at: get_node (scene/main/node.cpp:1975)
   GDScript backtrace (most recent call first):
       [0] @implicit_ready (res://scripts/vehicle/vehicle_physics.gd:73)
       [1] _new_stub_car (res://tests/suites/test_traffic_driving.gd:66)
       [2] test_steers_left_for_target_on_the_left (res://tests/suites/test_traffic_driving.gd:96)
       [3] _execute_test_case (res://addons/gdUnit4/src/core/_TestCase.gd:79)
       [4] execute (res://addons/gdUnit4/src/core/_TestCase.gd:40)
       [5] _execute (res://addons/gdUnit4/src/core/execution/stages/single/GdUnitTestCaseSingleTestStage.gd:10)
       [6] execute (res://addons/gdUnit4/src/core/execution/stages/IGdUnitExecutionStage.gd:19)
       [7] _execute (res://addons/gdUnit4/src/core/execution/stages/single/GdUnitTestCaseSingleExecutionStage.gd:17)
       [8] execute (res://addons/gdUnit4/src/core/execution/stages/IGdUnitExecutionStage.gd:19)
       [9] _execute (res://addons/gdUnit4/src/core/execution/stages/GdUnitTestCaseExecutionStage.gd:26)
       [10] execute (res://addons/gdUnit4/src/core/execution/stages/IGdUnitExecutionStage.gd:19)
       [11] _execute (res://addons/gdUnit4/src/core/execution/stages/GdUnitTestSuiteExecutionStage.gd:36)
ERROR: Node not found: "WheelFL" (relative to "/root/test_traffic_driving/@RigidBody3D@1768").
   at: get_node (scene/main/node.cpp:1975)
   GDScript backtrace (most recent call first):
       [0] @implicit_ready (res://scripts/vehicle/vehicle_physics.gd:70)
       [1] _new_stub_car (res://tests/suites/test_traffic_driving.gd:66)
       [2] test_steers_right_for_target_on_the_right (res://tests/suites/test_traffic_driving.gd:106)
       [3] _execute_test_case (res://addons/gdUnit4/src/core/_TestCase.gd:79)
       [4] execute (res://addons/gdUnit4/src/core/_TestCase.gd:40)
       [5] _execute (res://addons/gdUnit4/src/core/execution/stages/single/GdUnitTestCaseSingleTestStage.gd:10)
       [6] execute (res://addons/gdUnit4/src/core/execution/stages/IGdUnitExecutionStage.gd:19)
       [7] _execute (res://addons/gdUnit4/src/core/execution/stages/single/GdUnitTestCaseSingleExecutionStage.gd:17)
       [8] execute (res://addons/gdUnit4/src/core/execution/stages/IGdUnitExecutionStage.gd:19)
       [9] _execute (res://addons/gdUnit4/src/core/execution/stages/GdUnitTestCaseExecutionStage.gd:26)
       [10] execute (res://addons/gdUnit4/src/core/execution/stages/IGdUnitExecutionStage.gd:19)
       [11] _execute (res://addons/gdUnit4/src/core/execution/stages/GdUnitTestSuiteExecutionStage.gd:36)
       [12] execute (res://addons/gdUnit4/src/core/execution/stages/IGdUnitExecutionStage.gd:19)
       [13] _execute (res://addons/gdUnit4/src/core/execution/stages/GdUnitTestCaseExecutionStage.gd:35)
       [14] execute (res://addons/gdUnit4/src/core/execution/stages/IGdUnitExecutionStage.gd:19)
       [15] _execute (res://addons/gdUnit4/src/core/execution/stages/single/GdUnitTestCaseSingleExecutionStage.gd:28)
       [16] execute (res://addons/gdUnit4/src/core/execution/stages/IGdUnitExecutionStage.gd:19)
       [17] _execute (res://addons/gdUnit4/src/core/execution/stages/single/GdUnitTestCaseSingleTestStage.gd:10)
       [18] execute (res://addons/gdUnit4/src/core/_TestCase.gd:41)
       [19] test_completed (res://addons/gdUnit4/src/core/_TestCase.gd:86)
ERROR: Node not found: "WheelFR" (relative to "/root/test_traffic_driving/@RigidBody3D@1768").
   at: get_node (scene/main/node.cpp:1975)
   GDScript backtrace (most recent call first):
       [0] @implicit_ready (res://scripts/vehicle/vehicle_physics.gd:71)
       [1] _new_stub_car (res://tests/suites/test_traffic_driving.gd:66)
       [2] test_steers_right_for_target_on_the_right (res://tests/suites/test_traffic_driving.gd:106)
       [3] _execute_test_case (res://addons/gdUnit4/src/core/_TestCase.gd:79)
       [4] execute (res://addons/gdUnit4/src/core/_TestCase.gd:40)
       [5] _execute (res://addons/gdUnit4/src/core/execution/stages/single/GdUnitTestCaseSingleTestStage.gd:10)
       [6] execute (res://addons/gdUnit4/src/core/execution/stages/IGdUnitExecutionStage.gd:19)
       [7] _execute (res://addons/gdUnit4/src/core/execution/stages/single/GdUnitTestCaseSingleExecutionStage.gd:17)
       [8] execute (res://addons/gdUnit4/src/core/execution/stages/IGdUnitExecutionStage.gd:19)
       [9] _execute (res://addons/gdUnit4/src/core/execution/stages/GdUnitTestCaseExecutionStage.gd:26)
       [10] execute (res://addons/gdUnit4/src/core/execution/stages/IGdUnitExecutionStage.gd:19)
       [11] _execute (res://addons/gdUnit4/src/core/execution/stages/GdUnitTestSuiteExecutionStage.gd:36)
       [12] execute (res://addons/gdUnit4/src/core/execution/stages/IGdUnitExecutionStage.gd:19)
       [13] _execute (res://addons/gdUnit4/src/core/execution/stages/GdUnitTestCaseExecutionStage.gd:35)
       [14] execute (res://addons/gdUnit4/src/core/execution/stages/IGdUnitExecutionStage.gd:19)
       [15] _execute (res://addons/gdUnit4/src/core/execution/stages/single/GdUnitTestCaseSingleExecutionStage.gd:28)
       [16] execute (res://addons/gdUnit4/src/core/execution/stages/IGdUnitExecutionStage.gd:19)
       [17] _execute (res://addons/gdUnit4/src/core/execution/stages/single/GdUnitTestCaseSingleTestStage.gd:10)
       [18] execute (res://addons/gdUnit4/src/core/_TestCase.gd:41)
       [19] test_completed (res://addons/gdUnit4/src/core/_TestCase.gd:86)
ERROR: Node not found: "WheelRL" (relative to "/root/test_traffic_driving/@RigidBody3D@1768").
   at: get_node (scene/main/node.cpp:1975)
   GDScript backtrace (most recent call first):
       [0] @implicit_ready (res://scripts/vehicle/vehicle_physics.gd:72)
       [1] _new_stub_car (res://tests/suites/test_traffic_driving.gd:66)
       [2] test_steers_right_for_target_on_the_right (res://tests/suites/test_traffic_driving.gd:106)
       [3] _execute_test_case (res://addons/gdUnit4/src/core/_TestCase.gd:79)
       [4] execute (res://addons/gdUnit4/src/core/_TestCase.gd:40)
       [5] _execute (res://addons/gdUnit4/src/core/execution/stages/single/GdUnitTestCaseSingleTestStage.gd:10)
       [6] execute (res://addons/gdUnit4/src/core/execution/stages/IGdUnitExecutionStage.gd:19)
       [7] _execute (res://addons/gdUnit4/src/core/execution/stages/single/GdUnitTestCaseSingleExecutionStage.gd:17)
       [8] execute (res://addons/gdUnit4/src/core/execution/stages/IGdUnitExecutionStage.gd:19)
       [9] _execute (res://addons/gdUnit4/src/core/execution/stages/GdUnitTestCaseExecutionStage.gd:26)
       [10] execute (res://addons/gdUnit4/src/core/execution/stages/IGdUnitExecutionStage.gd:19)
       [11] _execute (res://addons/gdUnit4/src/core/execution/stages/GdUnitTestSuiteExecutionStage.gd:36)
       [12] execute (res://addons/gdUnit4/src/core/execution/stages/IGdUnitExecutionStage.gd:19)
       [13] _execute (res://addons/gdUnit4/src/core/execution/stages/GdUnitTestCaseExecutionStage.gd:35)
       [14] execute (res://addons/gdUnit4/src/core/execution/stages/IGdUnitExecutionStage.gd:19)
       [15] _execute (res://addons/gdUnit4/src/core/execution/stages/single/GdUnitTestCaseSingleExecutionStage.gd:28)
       [16] execute (res://addons/gdUnit4/src/core/execution/stages/IGdUnitExecutionStage.gd:19)
       [17] _execute (res://addons/gdUnit4/src/core/execution/stages/single/GdUnitTestCaseSingleTestStage.gd:10)
       [18] execute (res://addons/gdUnit4/src/core/_TestCase.gd:41)
       [19] test_completed (res://addons/gdUnit4/src/core/_TestCase.gd:86)
ERROR: Node not found: "WheelRR" (relative to "/root/test_traffic_driving/@RigidBody3D@1768").
   at: get_node (scene/main/node.cpp:1975)
   GDScript backtrace (most recent call first):
       [0] @implicit_ready (res://scripts/vehicle/vehicle_physics.gd:73)
       [1] _new_stub_car (res://tests/suites/test_traffic_driving.gd:66)
       [2] test_steers_right_for_target_on_the_right (res://tests/suites/test_traffic_driving.gd:106)
       [3] _execute_test_case (res://addons/gdUnit4/src/core/_TestCase.gd:79)
       [4] execute (res://addons/gdUnit4/src/core/_TestCase.gd:40)
       [5] _execute (res://addons/gdUnit4/src/core/execution/stages/single/GdUnitTestCaseSingleTestStage.gd:10)
       [6] execute (res://addons/gdUnit4/src/core/execution/stages/IGdUnitExecutionStage.gd:19)
       [7] _execute (res://addons/gdUnit4/src/core/execution/stages/single/GdUnitTestCaseSingleExecutionStage.gd:17)
       [8] execute (res://addons/gdUnit4/src/core/execution/stages/IGdUnitExecutionStage.gd:19)
       [9] _execute (res://addons/gdUnit4/src/core/execution/stages/GdUnitTestCaseExecutionStage.gd:26)
       [10] execute (res://addons/gdUnit4/src/core/execution/stages/IGdUnitExecutionStage.gd:19)
       [11] _execute (res://addons/gdUnit4/src/core/execution/stages/GdUnitTestSuiteExecutionStage.gd:36)
       [12] execute (res://addons/gdUnit4/src/core/execution/stages/IGdUnitExecutionStage.gd:19)
       [13] _execute (res://addons/gdUnit4/src/core/execution/stages/GdUnitTestCaseExecutionStage.gd:35)
       [14] execute (res://addons/gdUnit4/src/core/execution/stages/IGdUnitExecutionStage.gd:19)
       [15] _execute (res://addons/gdUnit4/src/core/execution/stages/single/GdUnitTestCaseSingleExecutionStage.gd:28)
       [16] execute (res://addons/gdUnit4/src/core/execution/stages/IGdUnitExecutionStage.gd:19)
       [17] _execute (res://addons/gdUnit4/src/core/execution/stages/single/GdUnitTestCaseSingleTestStage.gd:10)
       [18] execute (res://addons/gdUnit4/src/core/_TestCase.gd:41)
       [19] test_completed (res://addons/gdUnit4/src/core/_TestCase.gd:86)
ERROR: Node not found: "WheelFL" (relative to "/root/test_traffic_driving/@RigidBody3D@1770").
   at: get_node (scene/main/node.cpp:1975)
   GDScript backtrace (most recent call first):
       [0] @implicit_ready (res://scripts/vehicle/vehicle_physics.gd:70)
       [1] _new_stub_car (res://tests/suites/test_traffic_driving.gd:66)
       [2] test_throttles_when_below_cruise (res://tests/suites/test_traffic_driving.gd:114)
       [3] _execute_test_case (res://addons/gdUnit4/src/core/_TestCase.gd:79)
       [4] execute (res://addons/gdUnit4/src/core/_TestCase.gd:40)
       [5] _execute (res://addons/gdUnit4/src/core/execution/stages/single/GdUnitTestCaseSingleTestStage.gd:10)
       [6] execute (res://addons/gdUnit4/src/core/execution/stages/IGdUnitExecutionStage.gd:19)
       [7] _execute (res://addons/gdUnit4/src/core/execution/stages/single/GdUnitTestCaseSingleExecutionStage.gd:17)
       [8] execute (res://addons/gdUnit4/src/core/execution/stages/IGdUnitExecutionStage.gd:19)
       [9] _execute (res://addons/gdUnit4/src/core/execution/stages/GdUnitTestCaseExecutionStage.gd:26)
       [10] execute (res://addons/gdUnit4/src/core/execution/stages/IGdUnitExecutionStage.gd:19)
       [11] _execute (res://addons/gdUnit4/src/core/execution/stages/GdUnitTestSuiteExecutionStage.gd:36)
       [12] execute (res://addons/gdUnit4/src/core/execution/stages/IGdUnitExecutionStage.gd:19)
       [13] _execute (res://addons/gdUnit4/src/core/execution/stages/GdUnitTestCaseExecutionStage.gd:35)
       [14] execute (res://addons/gdUnit4/src/core/execution/stages/IGdUnitExecutionStage.gd:19)
       [15] _execute (res://addons/gdUnit4/src/core/execution/stages/single/GdUnitTestCaseSingleExecutionStage.gd:28)
       [16] execute (res://addons/gdUnit4/src/core/execution/stages/IGdUnitExecutionStage.gd:19)
       [17] _execute (res://addons/gdUnit4/src/core/execution/stages/single/GdUnitTestCaseSingleTestStage.gd:10)
       [18] execute (res://addons/gdUnit4/src/core/_TestCase.gd:41)
       [19] test_completed (res://addons/gdUnit4/src/core/_TestCase.gd:86)
ERROR: Node not found: "WheelFR" (relative to "/root/test_traffic_driving/@RigidBody3D@1770").
   at: get_node (scene/main/node.cpp:1975)
   GDScript backtrace (most recent call first):
       [0] @implicit_ready (res://scripts/vehicle/vehicle_physics.gd:71)
       [1] _new_stub_car (res://tests/suites/test_traffic_driving.gd:66)
       [2] test_throttles_when_below_cruise (res://tests/suites/test_traffic_driving.gd:114)
       [3] _execute_test_case (res://addons/gdUnit4/src/core/_TestCase.gd:79)
       [4] execute (res://addons/gdUnit4/src/core/_TestCase.gd:40)
       [5] _execute (res://addons/gdUnit4/src/core/execution/stages/single/GdUnitTestCaseSingleTestStage.gd:10)
       [6] execute (res://addons/gdUnit4/src/core/execution/stages/IGdUnitExecutionStage.gd:19)
       [7] _execute (res://addons/gdUnit4/src/core/execution/stages/single/GdUnitTestCaseSingleExecutionStage.gd:17)
       [8] execute (res://addons/gdUnit4/src/core/execution/stages/IGdUnitExecutionStage.gd:19)
       [9] _execute (res://addons/gdUnit4/src/core/execution/stages/GdUnitTestCaseExecutionStage.gd:26)
       [10] execute (res://addons/gdUnit4/src/core/execution/stages/IGdUnitExecutionStage.gd:19)
       [11] _execute (res://addons/gdUnit4/src/core/execution/stages/GdUnitTestSuiteExecutionStage.gd:36)
       [12] execute (res://addons/gdUnit4/src/core/execution/stages/IGdUnitExecutionStage.gd:19)
       [13] _execute (res://addons/gdUnit4/src/core/execution/stages/GdUnitTestCaseExecutionStage.gd:35)
       [14] execute (res://addons/gdUnit4/src/core/execution/stages/IGdUnitExecutionStage.gd:19)
       [15] _execute (res://addons/gdUnit4/src/core/execution/stages/single/GdUnitTestCaseSingleExecutionStage.gd:28)
       [16] execute (res://addons/gdUnit4/src/core/execution/stages/IGdUnitExecutionStage.gd:19)
       [17] _execute (res://addons/gdUnit4/src/core/execution/stages/single/GdUnitTestCaseSingleTestStage.gd:10)
       [18] execute (res://addons/gdUnit4/src/core/_TestCase.gd:41)
       [19] test_completed (res://addons/gdUnit4/src/core/_TestCase.gd:86)
ERROR: Node not found: "WheelRL" (relative to "/root/test_traffic_driving/@RigidBody3D@1770").
   at: get_node (scene/main/node.cpp:1975)
   GDScript backtrace (most recent call first):
       [0] @implicit_ready (res://scripts/vehicle/vehicle_physics.gd:72)
       [1] _new_stub_car (res://tests/suites/test_traffic_driving.gd:66)
       [2] test_throttles_when_below_cruise (res://tests/suites/test_traffic_driving.gd:114)
       [3] _execute_test_case (res://addons/gdUnit4/src/core/_TestCase.gd:79)
       [4] execute (res://addons/gdUnit4/src/core/_TestCase.gd:40)
       [5] _execute (res://addons/gdUnit4/src/core/execution/stages/single/GdUnitTestCaseSingleTestStage.gd:10)
       [6] execute (res://addons/gdUnit4/src/core/execution/stages/IGdUnitExecutionStage.gd:19)
       [7] _execute (res://addons/gdUnit4/src/core/execution/stages/single/GdUnitTestCaseSingleExecutionStage.gd:17)
       [8] execute (res://addons/gdUnit4/src/core/execution/stages/IGdUnitExecutionStage.gd:19)
       [9] _execute (res://addons/gdUnit4/src/core/execution/stages/GdUnitTestCaseExecutionStage.gd:26)
       [10] execute (res://addons/gdUnit4/src/core/execution/stages/IGdUnitExecutionStage.gd:19)
       [11] _execute (res://addons/gdUnit4/src/core/execution/stages/GdUnitTestSuiteExecutionStage.gd:36)
       [12] execute (res://addons/gdUnit4/src/core/execution/stages/IGdUnitExecutionStage.gd:19)
       [13] _execute (res://addons/gdUnit4/src/core/execution/stages/GdUnitTestCaseExecutionStage.gd:35)
       [14] execute (res://addons/gdUnit4/src/core/execution/stages/IGdUnitExecutionStage.gd:19)
       [15] _execute (res://addons/gdUnit4/src/core/execution/stages/single/GdUnitTestCaseSingleExecutionStage.gd:28)
       [16] execute (res://addons/gdUnit4/src/core/execution/stages/IGdUnitExecutionStage.gd:19)
       [17] _execute (res://addons/gdUnit4/src/core/execution/stages/single/GdUnitTestCaseSingleTestStage.gd:10)
       [18] execute (res://addons/gdUnit4/src/core/_TestCase.gd:41)
       [19] test_completed (res://addons/gdUnit4/src/core/_TestCase.gd:86)
ERROR: Node not found: "WheelRR" (relative to "/root/test_traffic_driving/@RigidBody3D@1770").
   at: get_node (scene/main/node.cpp:1975)
   GDScript backtrace (most recent call first):
       [0] @implicit_ready (res://scripts/vehicle/vehicle_physics.gd:73)
       [1] _new_stub_car (res://tests/suites/test_traffic_driving.gd:66)
       [2] test_throttles_when_below_cruise (res://tests/suites/test_traffic_driving.gd:114)
       [3] _execute_test_case (res://addons/gdUnit4/src/core/_TestCase.gd:79)
       [4] execute (res://addons/gdUnit4/src/core/_TestCase.gd:40)
       [5] _execute (res://addons/gdUnit4/src/core/execution/stages/single/GdUnitTestCaseSingleTestStage.gd:10)
       [6] execute (res://addons/gdUnit4/src/core/execution/stages/IGdUnitExecutionStage.gd:19)
       [7] _execute (res://addons/gdUnit4/src/core/execution/stages/single/GdUnitTestCaseSingleExecutionStage.gd:17)
       [8] execute (res://addons/gdUnit4/src/core/execution/stages/IGdUnitExecutionStage.gd:19)
       [9] _execute (res://addons/gdUnit4/src/core/execution/stages/GdUnitTestCaseExecutionStage.gd:26)
       [10] execute (res://addons/gdUnit4/src/core/execution/stages/IGdUnitExecutionStage.gd:19)
       [11] _execute (res://addons/gdUnit4/src/core/execution/stages/GdUnitTestSuiteExecutionStage.gd:36)
       [12] execute (res://addons/gdUnit4/src/core/execution/stages/IGdUnitExecutionStage.gd:19)
       [13] _execute (res://addons/gdUnit4/src/core/execution/stages/GdUnitTestCaseExecutionStage.gd:35)
       [14] execute (res://addons/gdUnit4/src/core/execution/stages/IGdUnitExecutionStage.gd:19)
       [15] _execute (res://addons/gdUnit4/src/core/execution/stages/single/GdUnitTestCaseSingleExecutionStage.gd:28)
       [16] execute (res://addons/gdUnit4/src/core/execution/stages/IGdUnitExecutionStage.gd:19)
       [17] _execute (res://addons/gdUnit4/src/core/execution/stages/single/GdUnitTestCaseSingleTestStage.gd:10)
       [18] execute (res://addons/gdUnit4/src/core/_TestCase.gd:41)
       [19] test_completed (res://addons/gdUnit4/src/core/_TestCase.gd:86)
ERROR: Node not found: "WheelFL" (relative to "/root/test_traffic_driving/@RigidBody3D@1772").
   at: get_node (scene/main/node.cpp:1975)
   GDScript backtrace (most recent call first):
       [0] @implicit_ready (res://scripts/vehicle/vehicle_physics.gd:70)
       [1] _new_stub_car (res://tests/suites/test_traffic_driving.gd:66)
       [2] test_brakes_when_above_cruise (res://tests/suites/test_traffic_driving.gd:122)
       [3] _execute_test_case (res://addons/gdUnit4/src/core/_TestCase.gd:79)
       [4] execute (res://addons/gdUnit4/src/core/_TestCase.gd:40)
       [5] _execute (res://addons/gdUnit4/src/core/execution/stages/single/GdUnitTestCaseSingleTestStage.gd:10)
       [6] execute (res://addons/gdUnit4/src/core/execution/stages/IGdUnitExecutionStage.gd:19)
       [7] _execute (res://addons/gdUnit4/src/core/execution/stages/single/GdUnitTestCaseSingleExecutionStage.gd:17)
       [8] execute (res://addons/gdUnit4/src/core/execution/stages/IGdUnitExecutionStage.gd:19)
       [9] _execute (res://addons/gdUnit4/src/core/execution/stages/GdUnitTestCaseExecutionStage.gd:26)
       [10] execute (res://addons/gdUnit4/src/core/execution/stages/IGdUnitExecutionStage.gd:19)
       [11] _execute (res://addons/gdUnit4/src/core/execution/stages/GdUnitTestSuiteExecutionStage.gd:36)
       [12] execute (res://addons/gdUnit4/src/core/execution/stages/IGdUnitExecutionStage.gd:19)
       [13] _execute (res://addons/gdUnit4/src/core/execution/stages/GdUnitTestCaseExecutionStage.gd:35)
       [14] execute (res://addons/gdUnit4/src/core/execution/stages/IGdUnitExecutionStage.gd:19)
       [15] _execute (res://addons/gdUnit4/src/core/execution/stages/single/GdUnitTestCaseSingleExecutionStage.gd:28)
       [16] execute (res://addons/gdUnit4/src/core/execution/stages/IGdUnitExecutionStage.gd:19)
       [17] _execute (res://addons/gdUnit4/src/core/execution/stages/single/GdUnitTestCaseSingleTestStage.gd:10)
       [18] execute (res://addons/gdUnit4/src/core/_TestCase.gd:41)
       [19] test_completed (res://addons/gdUnit4/src/core/_TestCase.gd:86)
ERROR: Node not found: "WheelFR" (relative to "/root/test_traffic_driving/@RigidBody3D@1772").
   at: get_node (scene/main/node.cpp:1975)
   GDScript backtrace (most recent call first):
       [0] @implicit_ready (res://scripts/vehicle/vehicle_physics.gd:71)
       [1] _new_stub_car (res://tests/suites/test_traffic_driving.gd:66)
       [2] test_brakes_when_above_cruise (res://tests/suites/test_traffic_driving.gd:122)
       [3] _execute_test_case (res://addons/gdUnit4/src/core/_TestCase.gd:79)
       [4] execute (res://addons/gdUnit4/src/core/_TestCase.gd:40)
       [5] _execute (res://addons/gdUnit4/src/core/execution/stages/single/GdUnitTestCaseSingleTestStage.gd:10)
       [6] execute (res://addons/gdUnit4/src/core/execution/stages/IGdUnitExecutionStage.gd:19)
       [7] _execute (res://addons/gdUnit4/src/core/execution/stages/single/GdUnitTestCaseSingleExecutionStage.gd:17)
       [8] execute (res://addons/gdUnit4/src/core/execution/stages/IGdUnitExecutionStage.gd:19)
       [9] _execute (res://addons/gdUnit4/src/core/execution/stages/GdUnitTestCaseExecutionStage.gd:26)
       [10] execute (res://addons/gdUnit4/src/core/execution/stages/IGdUnitExecutionStage.gd:19)
       [11] _execute (res://addons/gdUnit4/src/core/execution/stages/GdUnitTestSuiteExecutionStage.gd:36)
       [12] execute (res://addons/gdUnit4/src/core/execution/stages/IGdUnitExecutionStage.gd:19)
       [13] _execute (res://addons/gdUnit4/src/core/execution/stages/GdUnitTestCaseExecutionStage.gd:35)
       [14] execute (res://addons/gdUnit4/src/core/execution/stages/IGdUnitExecutionStage.gd:19)
       [15] _execute (res://addons/gdUnit4/src/core/execution/stages/single/GdUnitTestCaseSingleExecutionStage.gd:28)
       [16] execute (res://addons/gdUnit4/src/core/execution/stages/IGdUnitExecutionStage.gd:19)
       [17] _execute (res://addons/gdUnit4/src/core/execution/stages/single/GdUnitTestCaseSingleTestStage.gd:10)
       [18] execute (res://addons/gdUnit4/src/core/_TestCase.gd:41)
       [19] test_completed (res://addons/gdUnit4/src/core/_TestCase.gd:86)
ERROR: Node not found: "WheelRL" (relative to "/root/test_traffic_driving/@RigidBody3D@1772").
   at: get_node (scene/main/node.cpp:1975)
   GDScript backtrace (most recent call first):
       [0] @implicit_ready (res://scripts/vehicle/vehicle_physics.gd:72)
       [1] _new_stub_car (res://tests/suites/test_traffic_driving.gd:66)
       [2] test_brakes_when_above_cruise (res://tests/suites/test_traffic_driving.gd:122)
       [3] _execute_test_case (res://addons/gdUnit4/src/core/_TestCase.gd:79)
       [4] execute (res://addons/gdUnit4/src/core/_TestCase.gd:40)
       [5] _execute (res://addons/gdUnit4/src/core/execution/stages/single/GdUnitTestCaseSingleTestStage.gd:10)
       [6] execute (res://addons/gdUnit4/src/core/execution/stages/IGdUnitExecutionStage.gd:19)
       [7] _execute (res://addons/gdUnit4/src/core/execution/stages/single/GdUnitTestCaseSingleExecutionStage.gd:17)
       [8] execute (res://addons/gdUnit4/src/core/execution/stages/IGdUnitExecutionStage.gd:19)
       [9] _execute (res://addons/gdUnit4/src/core/execution/stages/GdUnitTestCaseExecutionStage.gd:26)
       [10] execute (res://addons/gdUnit4/src/core/execution/stages/IGdUnitExecutionStage.gd:19)
       [11] _execute (res://addons/gdUnit4/src/core/execution/stages/GdUnitTestSuiteExecutionStage.gd:36)
       [12] execute (res://addons/gdUnit4/src/core/execution/stages/IGdUnitExecutionStage.gd:19)
       [13] _execute (res://addons/gdUnit4/src/core/execution/stages/GdUnitTestCaseExecutionStage.gd:35)
       [14] execute (res://addons/gdUnit4/src/core/execution/stages/IGdUnitExecutionStage.gd:19)
       [15] _execute (res://addons/gdUnit4/src/core/execution/stages/single/GdUnitTestCaseSingleExecutionStage.gd:28)
       [16] execute (res://addons/gdUnit4/src/core/execution/stages/IGdUnitExecutionStage.gd:19)
       [17] _execute (res://addons/gdUnit4/src/core/execution/stages/single/GdUnitTestCaseSingleTestStage.gd:10)
       [18] execute (res://addons/gdUnit4/src/core/_TestCase.gd:41)
       [19] test_completed (res://addons/gdUnit4/src/core/_TestCase.gd:86)
ERROR: Node not found: "WheelRR" (relative to "/root/test_traffic_driving/@RigidBody3D@1772").
   at: get_node (scene/main/node.cpp:1975)
   GDScript backtrace (most recent call first):
       [0] @implicit_ready (res://scripts/vehicle/vehicle_physics.gd:73)
       [1] _new_stub_car (res://tests/suites/test_traffic_driving.gd:66)
       [2] test_brakes_when_above_cruise (res://tests/suites/test_traffic_driving.gd:122)
       [3] _execute_test_case (res://addons/gdUnit4/src/core/_TestCase.gd:79)
       [4] execute (res://addons/gdUnit4/src/core/_TestCase.gd:40)
       [5] _execute (res://addons/gdUnit4/src/core/execution/stages/single/GdUnitTestCaseSingleTestStage.gd:10)
       [6] execute (res://addons/gdUnit4/src/core/execution/stages/IGdUnitExecutionStage.gd:19)
       [7] _execute (res://addons/gdUnit4/src/core/execution/stages/single/GdUnitTestCaseSingleExecutionStage.gd:17)
       [8] execute (res://addons/gdUnit4/src/core/execution/stages/IGdUnitExecutionStage.gd:19)
       [9] _execute (res://addons/gdUnit4/src/core/execution/stages/GdUnitTestCaseExecutionStage.gd:26)
       [10] execute (res://addons/gdUnit4/src/core/execution/stages/IGdUnitExecutionStage.gd:19)
       [11] _execute (res://addons/gdUnit4/src/core/execution/stages/GdUnitTestSuiteExecutionStage.gd:36)
       [12] execute (res://addons/gdUnit4/src/core/execution/stages/IGdUnitExecutionStage.gd:19)
       [13] _execute (res://addons/gdUnit4/src/core/execution/stages/GdUnitTestCaseExecutionStage.gd:35)
       [14] execute (res://addons/gdUnit4/src/core/execution/stages/IGdUnitExecutionStage.gd:19)
       [15] _execute (res://addons/gdUnit4/src/core/execution/stages/single/GdUnitTestCaseSingleExecutionStage.gd:28)
       [16] execute (res://addons/gdUnit4/src/core/execution/stages/IGdUnitExecutionStage.gd:19)
       [17] _execute (res://addons/gdUnit4/src/core/execution/stages/single/GdUnitTestCaseSingleTestStage.gd:10)
       [18] execute (res://addons/gdUnit4/src/core/_TestCase.gd:41)
       [19] test_completed (res://addons/gdUnit4/src/core/_TestCase.gd:86)
ERROR: Node not found: "WheelFL" (relative to "/root/test_traffic_driving/@RigidBody3D@1774").
   at: get_node (scene/main/node.cpp:1975)
   GDScript backtrace (most recent call first):
       [0] @implicit_ready (res://scripts/vehicle/vehicle_physics.gd:70)
       [1] _new_stub_car (res://tests/suites/test_traffic_driving.gd:66)
       [2] test_target_progresses_monotonically_around_closed_ring (res://tests/suites/test_traffic_driving.gd:131)
       [3] _execute_test_case (res://addons/gdUnit4/src/core/_TestCase.gd:79)
       [4] execute (res://addons/gdUnit4/src/core/_TestCase.gd:40)
       [5] _execute (res://addons/gdUnit4/src/core/execution/stages/single/GdUnitTestCaseSingleTestStage.gd:10)
       [6] execute (res://addons/gdUnit4/src/core/execution/stages/IGdUnitExecutionStage.gd:19)
       [7] _execute (res://addons/gdUnit4/src/core/execution/stages/single/GdUnitTestCaseSingleExecutionStage.gd:17)
       [8] execute (res://addons/gdUnit4/src/core/execution/stages/IGdUnitExecutionStage.gd:19)
       [9] _execute (res://addons/gdUnit4/src/core/execution/stages/GdUnitTestCaseExecutionStage.gd:26)
       [10] execute (res://addons/gdUnit4/src/core/execution/stages/IGdUnitExecutionStage.gd:19)
       [11] _execute (res://addons/gdUnit4/src/core/execution/stages/GdUnitTestSuiteExecutionStage.gd:36)
       [12] execute (res://addons/gdUnit4/src/core/execution/stages/IGdUnitExecutionStage.gd:19)
       [13] _execute (res://addons/gdUnit4/src/core/execution/stages/GdUnitTestCaseExecutionStage.gd:35)
       [14] execute (res://addons/gdUnit4/src/core/execution/stages/IGdUnitExecutionStage.gd:19)
       [15] _execute (res://addons/gdUnit4/src/core/execution/stages/single/GdUnitTestCaseSingleExecutionStage.gd:28)
       [16] execute (res://addons/gdUnit4/src/core/execution/stages/IGdUnitExecutionStage.gd:19)
       [17] _execute (res://addons/gdUnit4/src/core/execution/stages/single/GdUnitTestCaseSingleTestStage.gd:10)
       [18] execute (res://addons/gdUnit4/src/core/_TestCase.gd:41)
       [19] test_completed (res://addons/gdUnit4/src/core/_TestCase.gd:86)
ERROR: Node not found: "WheelFR" (relative to "/root/test_traffic_driving/@RigidBody3D@1774").
   at: get_node (scene/main/node.cpp:1975)
   GDScript backtrace (most recent call first):
       [0] @implicit_ready (res://scripts/vehicle/vehicle_physics.gd:71)
       [1] _new_stub_car (res://tests/suites/test_traffic_driving.gd:66)
       [2] test_target_progresses_monotonically_around_closed_ring (res://tests/suites/test_traffic_driving.gd:131)
       [3] _execute_test_case (res://addons/gdUnit4/src/core/_TestCase.gd:79)
       [4] execute (res://addons/gdUnit4/src/core/_TestCase.gd:40)
       [5] _execute (res://addons/gdUnit4/src/core/execution/stages/single/GdUnitTestCaseSingleTestStage.gd:10)
       [6] execute (res://addons/gdUnit4/src/core/execution/stages/IGdUnitExecutionStage.gd:19)
       [7] _execute (res://addons/gdUnit4/src/core/execution/stages/single/GdUnitTestCaseSingleExecutionStage.gd:17)
       [8] execute (res://addons/gdUnit4/src/core/execution/stages/IGdUnitExecutionStage.gd:19)
       [9] _execute (res://addons/gdUnit4/src/core/execution/stages/GdUnitTestCaseExecutionStage.gd:26)
       [10] execute (res://addons/gdUnit4/src/core/execution/stages/IGdUnitExecutionStage.gd:19)
       [11] _execute (res://addons/gdUnit4/src/core/execution/stages/GdUnitTestSuiteExecutionStage.gd:36)
       [12] execute (res://addons/gdUnit4/src/core/execution/stages/IGdUnitExecutionStage.gd:19)
       [13] _execute (res://addons/gdUnit4/src/core/execution/stages/GdUnitTestCaseExecutionStage.gd:35)
       [14] execute (res://addons/gdUnit4/src/core/execution/stages/IGdUnitExecutionStage.gd:19)
       [15] _execute (res://addons/gdUnit4/src/core/execution/stages/single/GdUnitTestCaseSingleExecutionStage.gd:28)
       [16] execute (res://addons/gdUnit4/src/core/execution/stages/IGdUnitExecutionStage.gd:19)
       [17] _execute (res://addons/gdUnit4/src/core/execution/stages/single/GdUnitTestCaseSingleTestStage.gd:10)
       [18] execute (res://addons/gdUnit4/src/core/_TestCase.gd:41)
       [19] test_completed (res://addons/gdUnit4/src/core/_TestCase.gd:86)
ERROR: Node not found: "WheelRL" (relative to "/root/test_traffic_driving/@RigidBody3D@1774").
   at: get_node (scene/main/node.cpp:1975)
   GDScript backtrace (most recent call first):
       [0] @implicit_ready (res://scripts/vehicle/vehicle_physics.gd:72)
       [1] _new_stub_car (res://tests/suites/test_traffic_driving.gd:66)
       [2] test_target_progresses_monotonically_around_closed_ring (res://tests/suites/test_traffic_driving.gd:131)
       [3] _execute_test_case (res://addons/gdUnit4/src/core/_TestCase.gd:79)
       [4] execute (res://addons/gdUnit4/src/core/_TestCase.gd:40)
       [5] _execute (res://addons/gdUnit4/src/core/execution/stages/single/GdUnitTestCaseSingleTestStage.gd:10)
       [6] execute (res://addons/gdUnit4/src/core/execution/stages/IGdUnitExecutionStage.gd:19)
       [7] _execute (res://addons/gdUnit4/src/core/execution/stages/single/GdUnitTestCaseSingleExecutionStage.gd:17)
       [8] execute (res://addons/gdUnit4/src/core/execution/stages/IGdUnitExecutionStage.gd:19)
       [9] _execute (res://addons/gdUnit4/src/core/execution/stages/GdUnitTestCaseExecutionStage.gd:26)
       [10] execute (res://addons/gdUnit4/src/core/execution/stages/IGdUnitExecutionStage.gd:19)
       [11] _execute (res://addons/gdUnit4/src/core/execution/stages/GdUnitTestSuiteExecutionStage.gd:36)
       [12] execute (res://addons/gdUnit4/src/core/execution/stages/IGdUnitExecutionStage.gd:19)
       [13] _execute (res://addons/gdUnit4/src/core/execution/stages/GdUnitTestCaseExecutionStage.gd:35)
       [14] execute (res://addons/gdUnit4/src/core/execution/stages/IGdUnitExecutionStage.gd:19)
       [15] _execute (res://addons/gdUnit4/src/core/execution/stages/single/GdUnitTestCaseSingleExecutionStage.gd:28)
       [16] execute (res://addons/gdUnit4/src/core/execution/stages/IGdUnitExecutionStage.gd:19)
       [17] _execute (res://addons/gdUnit4/src/core/execution/stages/single/GdUnitTestCaseSingleTestStage.gd:10)
       [18] execute (res://addons/gdUnit4/src/core/_TestCase.gd:41)
       [19] test_completed (res://addons/gdUnit4/src/core/_TestCase.gd:86)
ERROR: Node not found: "WheelRR" (relative to "/root/test_traffic_driving/@RigidBody3D@1774").
   at: get_node (scene/main/node.cpp:1975)
   GDScript backtrace (most recent call first):
       [0] @implicit_ready (res://scripts/vehicle/vehicle_physics.gd:73)
       [1] _new_stub_car (res://tests/suites/test_traffic_driving.gd:66)
       [2] test_target_progresses_monotonically_around_closed_ring (res://tests/suites/test_traffic_driving.gd:131)
       [3] _execute_test_case (res://addons/gdUnit4/src/core/_TestCase.gd:79)
       [4] execute (res://addons/gdUnit4/src/core/_TestCase.gd:40)
       [5] _execute (res://addons/gdUnit4/src/core/execution/stages/single/GdUnitTestCaseSingleTestStage.gd:10)
       [6] execute (res://addons/gdUnit4/src/core/execution/stages/IGdUnitExecutionStage.gd:19)
       [7] _execute (res://addons/gdUnit4/src/core/execution/stages/single/GdUnitTestCaseSingleExecutionStage.gd:17)
       [8] execute (res://addons/gdUnit4/src/core/execution/stages/IGdUnitExecutionStage.gd:19)
       [9] _execute (res://addons/gdUnit4/src/core/execution/stages/GdUnitTestCaseExecutionStage.gd:26)
       [10] execute (res://addons/gdUnit4/src/core/execution/stages/IGdUnitExecutionStage.gd:19)
       [11] _execute (res://addons/gdUnit4/src/core/execution/stages/GdUnitTestSuiteExecutionStage.gd:36)
       [12] execute (res://addons/gdUnit4/src/core/execution/stages/IGdUnitExecutionStage.gd:19)
       [13] _execute (res://addons/gdUnit4/src/core/execution/stages/GdUnitTestCaseExecutionStage.gd:35)
       [14] execute (res://addons/gdUnit4/src/core/execution/stages/IGdUnitExecutionStage.gd:19)
       [15] _execute (res://addons/gdUnit4/src/core/execution/stages/single/GdUnitTestCaseSingleExecutionStage.gd:28)
       [16] execute (res://addons/gdUnit4/src/core/execution/stages/IGdUnitExecutionStage.gd:19)
       [17] _execute (res://addons/gdUnit4/src/core/execution/stages/single/GdUnitTestCaseSingleTestStage.gd:10)
       [18] execute (res://addons/gdUnit4/src/core/_TestCase.gd:41)
       [19] test_completed (res://addons/gdUnit4/src/core/_TestCase.gd:86)
ERROR: Node not found: "WheelFL" (relative to "/root/test_traffic_driving/@RigidBody3D@1776").
   at: get_node (scene/main/node.cpp:1975)
   GDScript backtrace (most recent call first):
       [0] @implicit_ready (res://scripts/vehicle/vehicle_physics.gd:70)
       [1] _new_stub_car (res://tests/suites/test_traffic_driving.gd:66)
       [2] test_inert_without_a_chain_never_falls_back_to_player_input (res://tests/suites/test_traffic_driving.gd:155)
       [3] _execute_test_case (res://addons/gdUnit4/src/core/_TestCase.gd:79)
       [4] execute (res://addons/gdUnit4/src/core/_TestCase.gd:40)
       [5] _execute (res://addons/gdUnit4/src/core/execution/stages/single/GdUnitTestCaseSingleTestStage.gd:10)
       [6] execute (res://addons/gdUnit4/src/core/execution/stages/IGdUnitExecutionStage.gd:19)
       [7] _execute (res://addons/gdUnit4/src/core/execution/stages/single/GdUnitTestCaseSingleExecutionStage.gd:17)
       [8] execute (res://addons/gdUnit4/src/core/execution/stages/IGdUnitExecutionStage.gd:19)
       [9] _execute (res://addons/gdUnit4/src/core/execution/stages/GdUnitTestCaseExecutionStage.gd:26)
       [10] execute (res://addons/gdUnit4/src/core/execution/stages/IGdUnitExecutionStage.gd:19)
       [11] _execute (res://addons/gdUnit4/src/core/execution/stages/GdUnitTestSuiteExecutionStage.gd:36)
       [12] execute (res://addons/gdUnit4/src/core/execution/stages/IGdUnitExecutionStage.gd:19)
       [13] _execute (res://addons/gdUnit4/src/core/execution/stages/GdUnitTestCaseExecutionStage.gd:35)
       [14] execute (res://addons/gdUnit4/src/core/execution/stages/IGdUnitExecutionStage.gd:19)
       [15] _execute (res://addons/gdUnit4/src/core/execution/stages/single/GdUnitTestCaseSingleExecutionStage.gd:28)
       [16] execute (res://addons/gdUnit4/src/core/execution/stages/IGdUnitExecutionStage.gd:19)
       [17] _execute (res://addons/gdUnit4/src/core/execution/stages/single/GdUnitTestCaseSingleTestStage.gd:10)
       [18] execute (res://addons/gdUnit4/src/core/_TestCase.gd:41)
       [19] test_completed (res://addons/gdUnit4/src/core/_TestCase.gd:86)
ERROR: Node not found: "WheelFR" (relative to "/root/test_traffic_driving/@RigidBody3D@1776").
   at: get_node (scene/main/node.cpp:1975)
   GDScript backtrace (most recent call first):
       [0] @implicit_ready (res://scripts/vehicle/vehicle_physics.gd:71)
       [1] _new_stub_car (res://tests/suites/test_traffic_driving.gd:66)
       [2] test_inert_without_a_chain_never_falls_back_to_player_input (res://tests/suites/test_traffic_driving.gd:155)
       [3] _execute_test_case (res://addons/gdUnit4/src/core/_TestCase.gd:79)
       [4] execute (res://addons/gdUnit4/src/core/_TestCase.gd:40)
       [5] _execute (res://addons/gdUnit4/src/core/execution/stages/single/GdUnitTestCaseSingleTestStage.gd:10)
       [6] execute (res://addons/gdUnit4/src/core/execution/stages/IGdUnitExecutionStage.gd:19)
       [7] _execute (res://addons/gdUnit4/src/core/execution/stages/single/GdUnitTestCaseSingleExecutionStage.gd:17)
       [8] execute (res://addons/gdUnit4/src/core/execution/stages/IGdUnitExecutionStage.gd:19)
       [9] _execute (res://addons/gdUnit4/src/core/execution/stages/GdUnitTestCaseExecutionStage.gd:26)
       [10] execute (res://addons/gdUnit4/src/core/execution/stages/IGdUnitExecutionStage.gd:19)
       [11] _execute (res://addons/gdUnit4/src/core/execution/stages/GdUnitTestSuiteExecutionStage.gd:36)
       [12] execute (res://addons/gdUnit4/src/core/execution/stages/IGdUnitExecutionStage.gd:19)
       [13] _execute (res://addons/gdUnit4/src/core/execution/stages/GdUnitTestCaseExecutionStage.gd:35)
       [14] execute (res://addons/gdUnit4/src/core/execution/stages/IGdUnitExecutionStage.gd:19)
       [15] _execute (res://addons/gdUnit4/src/core/execution/stages/single/GdUnitTestCaseSingleExecutionStage.gd:28)
       [16] execute (res://addons/gdUnit4/src/core/execution/stages/IGdUnitExecutionStage.gd:19)
       [17] _execute (res://addons/gdUnit4/src/core/execution/stages/single/GdUnitTestCaseSingleTestStage.gd:10)
       [18] execute (res://addons/gdUnit4/src/core/_TestCase.gd:41)
       [19] test_completed (res://addons/gdUnit4/src/core/_TestCase.gd:86)
ERROR: Node not found: "WheelRL" (relative to "/root/test_traffic_driving/@RigidBody3D@1776").
   at: get_node (scene/main/node.cpp:1975)
   GDScript backtrace (most recent call first):
       [0] @implicit_ready (res://scripts/vehicle/vehicle_physics.gd:72)
       [1] _new_stub_car (res://tests/suites/test_traffic_driving.gd:66)
       [2] test_inert_without_a_chain_never_falls_back_to_player_input (res://tests/suites/test_traffic_driving.gd:155)
       [3] _execute_test_case (res://addons/gdUnit4/src/core/_TestCase.gd:79)
       [4] execute (res://addons/gdUnit4/src/core/_TestCase.gd:40)
       [5] _execute (res://addons/gdUnit4/src/core/execution/stages/single/GdUnitTestCaseSingleTestStage.gd:10)
       [6] execute (res://addons/gdUnit4/src/core/execution/stages/IGdUnitExecutionStage.gd:19)
       [7] _execute (res://addons/gdUnit4/src/core/execution/stages/single/GdUnitTestCaseSingleExecutionStage.gd:17)
       [8] execute (res://addons/gdUnit4/src/core/execution/stages/IGdUnitExecutionStage.gd:19)
       [9] _execute (res://addons/gdUnit4/src/core/execution/stages/GdUnitTestCaseExecutionStage.gd:26)
       [10] execute (res://addons/gdUnit4/src/core/execution/stages/IGdUnitExecutionStage.gd:19)
       [11] _execute (res://addons/gdUnit4/src/core/execution/stages/GdUnitTestSuiteExecutionStage.gd:36)
       [12] execute (res://addons/gdUnit4/src/core/execution/stages/IGdUnitExecutionStage.gd:19)
       [13] _execute (res://addons/gdUnit4/src/core/execution/stages/GdUnitTestCaseExecutionStage.gd:35)
       [14] execute (res://addons/gdUnit4/src/core/execution/stages/IGdUnitExecutionStage.gd:19)
       [15] _execute (res://addons/gdUnit4/src/core/execution/stages/single/GdUnitTestCaseSingleExecutionStage.gd:28)
       [16] execute (res://addons/gdUnit4/src/core/execution/stages/IGdUnitExecutionStage.gd:19)
       [17] _execute (res://addons/gdUnit4/src/core/execution/stages/single/GdUnitTestCaseSingleTestStage.gd:10)
       [18] execute (res://addons/gdUnit4/src/core/_TestCase.gd:41)
       [19] test_completed (res://addons/gdUnit4/src/core/_TestCase.gd:86)
ERROR: Node not found: "WheelRR" (relative to "/root/test_traffic_driving/@RigidBody3D@1776").
   at: get_node (scene/main/node.cpp:1975)
   GDScript backtrace (most recent call first):
       [0] @implicit_ready (res://scripts/vehicle/vehicle_physics.gd:73)
       [1] _new_stub_car (res://tests/suites/test_traffic_driving.gd:66)
       [2] test_inert_without_a_chain_never_falls_back_to_player_input (res://tests/suites/test_traffic_driving.gd:155)
       [3] _execute_test_case (res://addons/gdUnit4/src/core/_TestCase.gd:79)
       [4] execute (res://addons/gdUnit4/src/core/_TestCase.gd:40)
       [5] _execute (res://addons/gdUnit4/src/core/execution/stages/single/GdUnitTestCaseSingleTestStage.gd:10)
       [6] execute (res://addons/gdUnit4/src/core/execution/stages/IGdUnitExecutionStage.gd:19)
       [7] _execute (res://addons/gdUnit4/src/core/execution/stages/single/GdUnitTestCaseSingleExecutionStage.gd:17)
       [8] execute (res://addons/gdUnit4/src/core/execution/stages/IGdUnitExecutionStage.gd:19)
       [9] _execute (res://addons/gdUnit4/src/core/execution/stages/GdUnitTestCaseExecutionStage.gd:26)
       [10] execute (res://addons/gdUnit4/src/core/execution/stages/IGdUnitExecutionStage.gd:19)
       [11] _execute (res://addons/gdUnit4/src/core/execution/stages/GdUnitTestSuiteExecutionStage.gd:36)
       [12] execute (res://addons/gdUnit4/src/core/execution/stages/IGdUnitExecutionStage.gd:19)
       [13] _execute (res://addons/gdUnit4/src/core/execution/stages/GdUnitTestCaseExecutionStage.gd:35)
       [14] execute (res://addons/gdUnit4/src/core/execution/stages/IGdUnitExecutionStage.gd:19)
       [15] _execute (res://addons/gdUnit4/src/core/execution/stages/single/GdUnitTestCaseSingleExecutionStage.gd:28)
       [16] execute (res://addons/gdUnit4/src/core/execution/stages/IGdUnitExecutionStage.gd:19)
       [17] _execute (res://addons/gdUnit4/src/core/execution/stages/single/GdUnitTestCaseSingleTestStage.gd:10)
       [18] execute (res://addons/gdUnit4/src/core/_TestCase.gd:41)
       [19] test_completed (res://addons/gdUnit4/src/core/_TestCase.gd:86)
ERROR: Node not found: "WheelFL" (relative to "/root/test_traffic_driving/@RigidBody3D@1832").
   at: get_node (scene/main/node.cpp:1975)
   GDScript backtrace (most recent call first):
       [0] @implicit_ready (res://scripts/vehicle/vehicle_physics.gd:70)
       [1] _new_stub_car (res://tests/suites/test_traffic_driving.gd:66)
       [2] test_living_world_passes_delta_through_to_spawner (res://tests/suites/test_traffic_driving.gd:192)
       [3] _execute_test_case (res://addons/gdUnit4/src/core/_TestCase.gd:79)
       [4] execute (res://addons/gdUnit4/src/core/_TestCase.gd:40)
       [5] _execute (res://addons/gdUnit4/src/core/execution/stages/single/GdUnitTestCaseSingleTestStage.gd:10)
       [6] execute (res://addons/gdUnit4/src/core/execution/stages/IGdUnitExecutionStage.gd:19)
       [7] _execute (res://addons/gdUnit4/src/core/execution/stages/single/GdUnitTestCaseSingleExecutionStage.gd:17)
       [8] execute (res://addons/gdUnit4/src/core/execution/stages/IGdUnitExecutionStage.gd:19)
       [9] _execute (res://addons/gdUnit4/src/core/execution/stages/GdUnitTestCaseExecutionStage.gd:26)
       [10] execute (res://addons/gdUnit4/src/core/execution/stages/IGdUnitExecutionStage.gd:19)
       [11] _execute (res://addons/gdUnit4/src/core/execution/stages/GdUnitTestSuiteExecutionStage.gd:36)
       [12] execute (res://addons/gdUnit4/src/core/execution/stages/IGdUnitExecutionStage.gd:19)
       [13] _execute (res://addons/gdUnit4/src/core/execution/stages/GdUnitTestCaseExecutionStage.gd:35)
       [14] execute (res://addons/gdUnit4/src/core/execution/stages/IGdUnitExecutionStage.gd:19)
       [15] _execute (res://addons/gdUnit4/src/core/execution/stages/single/GdUnitTestCaseSingleExecutionStage.gd:28)
       [16] execute (res://addons/gdUnit4/src/core/execution/stages/IGdUnitExecutionStage.gd:19)
       [17] _execute (res://addons/gdUnit4/src/core/execution/stages/single/GdUnitTestCaseSingleTestStage.gd:10)
       [18] execute (res://addons/gdUnit4/src/core/_TestCase.gd:41)
       [19] test_completed (res://addons/gdUnit4/src/core/_TestCase.gd:86)
ERROR: Node not found: "WheelFR" (relative to "/root/test_traffic_driving/@RigidBody3D@1832").
   at: get_node (scene/main/node.cpp:1975)
   GDScript backtrace (most recent call first):
       [0] @implicit_ready (res://scripts/vehicle/vehicle_physics.gd:71)
       [1] _new_stub_car (res://tests/suites/test_traffic_driving.gd:66)
       [2] test_living_world_passes_delta_through_to_spawner (res://tests/suites/test_traffic_driving.gd:192)
       [3] _execute_test_case (res://addons/gdUnit4/src/core/_TestCase.gd:79)
       [4] execute (res://addons/gdUnit4/src/core/_TestCase.gd:40)
       [5] _execute (res://addons/gdUnit4/src/core/execution/stages/single/GdUnitTestCaseSingleTestStage.gd:10)
       [6] execute (res://addons/gdUnit4/src/core/execution/stages/IGdUnitExecutionStage.gd:19)
       [7] _execute (res://addons/gdUnit4/src/core/execution/stages/single/GdUnitTestCaseSingleExecutionStage.gd:17)
       [8] execute (res://addons/gdUnit4/src/core/execution/stages/IGdUnitExecutionStage.gd:19)
       [9] _execute (res://addons/gdUnit4/src/core/execution/stages/GdUnitTestCaseExecutionStage.gd:26)
       [10] execute (res://addons/gdUnit4/src/core/execution/stages/IGdUnitExecutionStage.gd:19)
       [11] _execute (res://addons/gdUnit4/src/core/execution/stages/GdUnitTestSuiteExecutionStage.gd:36)
       [12] execute (res://addons/gdUnit4/src/core/execution/stages/IGdUnitExecutionStage.gd:19)
       [13] _execute (res://addons/gdUnit4/src/core/execution/stages/GdUnitTestCaseExecutionStage.gd:35)
       [14] execute (res://addons/gdUnit4/src/core/execution/stages/IGdUnitExecutionStage.gd:19)
       [15] _execute (res://addons/gdUnit4/src/core/execution/stages/single/GdUnitTestCaseSingleExecutionStage.gd:28)
       [16] execute (res://addons/gdUnit4/src/core/execution/stages/IGdUnitExecutionStage.gd:19)
       [17] _execute (res://addons/gdUnit4/src/core/execution/stages/single/GdUnitTestCaseSingleTestStage.gd:10)
       [18] execute (res://addons/gdUnit4/src/core/_TestCase.gd:41)
       [19] test_completed (res://addons/gdUnit4/src/core/_TestCase.gd:86)
ERROR: Node not found: "WheelRL" (relative to "/root/test_traffic_driving/@RigidBody3D@1832").
   at: get_node (scene/main/node.cpp:1975)
   GDScript backtrace (most recent call first):
       [0] @implicit_ready (res://scripts/vehicle/vehicle_physics.gd:72)
       [1] _new_stub_car (res://tests/suites/test_traffic_driving.gd:66)
       [2] test_living_world_passes_delta_through_to_spawner (res://tests/suites/test_traffic_driving.gd:192)
       [3] _execute_test_case (res://addons/gdUnit4/src/core/_TestCase.gd:79)
       [4] execute (res://addons/gdUnit4/src/core/_TestCase.gd:40)
       [5] _execute (res://addons/gdUnit4/src/core/execution/stages/single/GdUnitTestCaseSingleTestStage.gd:10)
       [6] execute (res://addons/gdUnit4/src/core/execution/stages/IGdUnitExecutionStage.gd:19)
       [7] _execute (res://addons/gdUnit4/src/core/execution/stages/single/GdUnitTestCaseSingleExecutionStage.gd:17)
       [8] execute (res://addons/gdUnit4/src/core/execution/stages/IGdUnitExecutionStage.gd:19)
       [9] _execute (res://addons/gdUnit4/src/core/execution/stages/GdUnitTestCaseExecutionStage.gd:26)
       [10] execute (res://addons/gdUnit4/src/core/execution/stages/IGdUnitExecutionStage.gd:19)
       [11] _execute (res://addons/gdUnit4/src/core/execution/stages/GdUnitTestSuiteExecutionStage.gd:36)
       [12] execute (res://addons/gdUnit4/src/core/execution/stages/IGdUnitExecutionStage.gd:19)
       [13] _execute (res://addons/gdUnit4/src/core/execution/stages/GdUnitTestCaseExecutionStage.gd:35)
       [14] execute (res://addons/gdUnit4/src/core/execution/stages/IGdUnitExecutionStage.gd:19)
       [15] _execute (res://addons/gdUnit4/src/core/execution/stages/single/GdUnitTestCaseSingleExecutionStage.gd:28)
       [16] execute (res://addons/gdUnit4/src/core/execution/stages/IGdUnitExecutionStage.gd:19)
       [17] _execute (res://addons/gdUnit4/src/core/execution/stages/single/GdUnitTestCaseSingleTestStage.gd:10)
       [18] execute (res://addons/gdUnit4/src/core/_TestCase.gd:41)
       [19] test_completed (res://addons/gdUnit4/src/core/_TestCase.gd:86)
ERROR: Node not found: "WheelRR" (relative to "/root/test_traffic_driving/@RigidBody3D@1832").
   at: get_node (scene/main/node.cpp:1975)
   GDScript backtrace (most recent call first):
       [0] @implicit_ready (res://scripts/vehicle/vehicle_physics.gd:73)
       [1] _new_stub_car (res://tests/suites/test_traffic_driving.gd:66)
       [2] test_living_world_passes_delta_through_to_spawner (res://tests/suites/test_traffic_driving.gd:192)
       [3] _execute_test_case (res://addons/gdUnit4/src/core/_TestCase.gd:79)
       [4] execute (res://addons/gdUnit4/src/core/_TestCase.gd:40)
       [5] _execute (res://addons/gdUnit4/src/core/execution/stages/single/GdUnitTestCaseSingleTestStage.gd:10)
       [6] execute (res://addons/gdUnit4/src/core/execution/stages/IGdUnitExecutionStage.gd:19)
       [7] _execute (res://addons/gdUnit4/src/core/execution/stages/single/GdUnitTestCaseSingleExecutionStage.gd:17)
       [8] execute (res://addons/gdUnit4/src/core/execution/stages/IGdUnitExecutionStage.gd:19)
       [9] _execute (res://addons/gdUnit4/src/core/execution/stages/GdUnitTestCaseExecutionStage.gd:26)
       [10] execute (res://addons/gdUnit4/src/core/execution/stages/IGdUnitExecutionStage.gd:19)
       [11] _execute (res://addons/gdUnit4/src/core/execution/stages/GdUnitTestSuiteExecutionStage.gd:36)
       [12] execute (res://addons/gdUnit4/src/core/execution/stages/IGdUnitExecutionStage.gd:19)
       [13] _execute (res://addons/gdUnit4/src/core/execution/stages/GdUnitTestCaseExecutionStage.gd:35)
       [14] execute (res://addons/gdUnit4/src/core/execution/stages/IGdUnitExecutionStage.gd:19)
       [15] _execute (res://addons/gdUnit4/src/core/execution/stages/single/GdUnitTestCaseSingleExecutionStage.gd:28)
       [16] execute (res://addons/gdUnit4/src/core/execution/stages/IGdUnitExecutionStage.gd:19)
       [17] _execute (res://addons/gdUnit4/src/core/execution/stages/single/GdUnitTestCaseSingleTestStage.gd:10)
       [18] execute (res://addons/gdUnit4/src/core/_TestCase.gd:41)
       [19] test_completed (res://addons/gdUnit4/src/core/_TestCase.gd:86)
ERROR: Node not found: "WheelFL" (relative to "/root/test_traffic_driving/@RigidBody3D@1835").
   at: get_node (scene/main/node.cpp:1975)
   GDScript backtrace (most recent call first):
       [0] @implicit_ready (res://scripts/vehicle/vehicle_physics.gd:70)
       [1] _new_stub_car (res://tests/suites/test_traffic_driving.gd:66)
       [2] test_proximity_slow_fires_only_inside_the_band (res://tests/suites/test_traffic_driving.gd:223)
       [3] _execute_test_case (res://addons/gdUnit4/src/core/_TestCase.gd:79)
       [4] execute (res://addons/gdUnit4/src/core/_TestCase.gd:40)
       [5] _execute (res://addons/gdUnit4/src/core/execution/stages/single/GdUnitTestCaseSingleTestStage.gd:10)
       [6] execute (res://addons/gdUnit4/src/core/execution/stages/IGdUnitExecutionStage.gd:19)
       [7] _execute (res://addons/gdUnit4/src/core/execution/stages/single/GdUnitTestCaseSingleExecutionStage.gd:17)
       [8] execute (res://addons/gdUnit4/src/core/execution/stages/IGdUnitExecutionStage.gd:19)
       [9] _execute (res://addons/gdUnit4/src/core/execution/stages/GdUnitTestCaseExecutionStage.gd:26)
       [10] execute (res://addons/gdUnit4/src/core/execution/stages/IGdUnitExecutionStage.gd:19)
       [11] _execute (res://addons/gdUnit4/src/core/execution/stages/GdUnitTestSuiteExecutionStage.gd:36)
       [12] execute (res://addons/gdUnit4/src/core/execution/stages/IGdUnitExecutionStage.gd:19)
       [13] _execute (res://addons/gdUnit4/src/core/execution/stages/GdUnitTestCaseExecutionStage.gd:35)
       [14] execute (res://addons/gdUnit4/src/core/execution/stages/IGdUnitExecutionStage.gd:19)
       [15] _execute (res://addons/gdUnit4/src/core/execution/stages/single/GdUnitTestCaseSingleExecutionStage.gd:28)
       [16] execute (res://addons/gdUnit4/src/core/execution/stages/IGdUnitExecutionStage.gd:19)
       [17] _execute (res://addons/gdUnit4/src/core/execution/stages/single/GdUnitTestCaseSingleTestStage.gd:10)
       [18] execute (res://addons/gdUnit4/src/core/_TestCase.gd:41)
       [19] test_completed (res://addons/gdUnit4/src/core/_TestCase.gd:86)
ERROR: Node not found: "WheelFR" (relative to "/root/test_traffic_driving/@RigidBody3D@1835").
   at: get_node (scene/main/node.cpp:1975)
   GDScript backtrace (most recent call first):
       [0] @implicit_ready (res://scripts/vehicle/vehicle_physics.gd:71)
       [1] _new_stub_car (res://tests/suites/test_traffic_driving.gd:66)
       [2] test_proximity_slow_fires_only_inside_the_band (res://tests/suites/test_traffic_driving.gd:223)
       [3] _execute_test_case (res://addons/gdUnit4/src/core/_TestCase.gd:79)
       [4] execute (res://addons/gdUnit4/src/core/_TestCase.gd:40)
       [5] _execute (res://addons/gdUnit4/src/core/execution/stages/single/GdUnitTestCaseSingleTestStage.gd:10)
       [6] execute (res://addons/gdUnit4/src/core/execution/stages/IGdUnitExecutionStage.gd:19)
       [7] _execute (res://addons/gdUnit4/src/core/execution/stages/single/GdUnitTestCaseSingleExecutionStage.gd:17)
       [8] execute (res://addons/gdUnit4/src/core/execution/stages/IGdUnitExecutionStage.gd:19)
       [9] _execute (res://addons/gdUnit4/src/core/execution/stages/GdUnitTestCaseExecutionStage.gd:26)
       [10] execute (res://addons/gdUnit4/src/core/execution/stages/IGdUnitExecutionStage.gd:19)
       [11] _execute (res://addons/gdUnit4/src/core/execution/stages/GdUnitTestSuiteExecutionStage.gd:36)
       [12] execute (res://addons/gdUnit4/src/core/execution/stages/IGdUnitExecutionStage.gd:19)
       [13] _execute (res://addons/gdUnit4/src/core/execution/stages/GdUnitTestCaseExecutionStage.gd:35)
       [14] execute (res://addons/gdUnit4/src/core/execution/stages/IGdUnitExecutionStage.gd:19)
       [15] _execute (res://addons/gdUnit4/src/core/execution/stages/single/GdUnitTestCaseSingleExecutionStage.gd:28)
       [16] execute (res://addons/gdUnit4/src/core/execution/stages/IGdUnitExecutionStage.gd:19)
       [17] _execute (res://addons/gdUnit4/src/core/execution/stages/single/GdUnitTestCaseSingleTestStage.gd:10)
       [18] execute (res://addons/gdUnit4/src/core/_TestCase.gd:41)
       [19] test_completed (res://addons/gdUnit4/src/core/_TestCase.gd:86)
ERROR: Node not found: "WheelRL" (relative to "/root/test_traffic_driving/@RigidBody3D@1835").
   at: get_node (scene/main/node.cpp:1975)
   GDScript backtrace (most recent call first):
       [0] @implicit_ready (res://scripts/vehicle/vehicle_physics.gd:72)
       [1] _new_stub_car (res://tests/suites/test_traffic_driving.gd:66)
       [2] test_proximity_slow_fires_only_inside_the_band (res://tests/suites/test_traffic_driving.gd:223)
       [3] _execute_test_case (res://addons/gdUnit4/src/core/_TestCase.gd:79)
       [4] execute (res://addons/gdUnit4/src/core/_TestCase.gd:40)
       [5] _execute (res://addons/gdUnit4/src/core/execution/stages/single/GdUnitTestCaseSingleTestStage.gd:10)
       [6] execute (res://addons/gdUnit4/src/core/execution/stages/IGdUnitExecutionStage.gd:19)
       [7] _execute (res://addons/gdUnit4/src/core/execution/stages/single/GdUnitTestCaseSingleExecutionStage.gd:17)
       [8] execute (res://addons/gdUnit4/src/core/execution/stages/IGdUnitExecutionStage.gd:19)
       [9] _execute (res://addons/gdUnit4/src/core/execution/stages/GdUnitTestCaseExecutionStage.gd:26)
       [10] execute (res://addons/gdUnit4/src/core/execution/stages/IGdUnitExecutionStage.gd:19)
       [11] _execute (res://addons/gdUnit4/src/core/execution/stages/GdUnitTestSuiteExecutionStage.gd:36)
       [12] execute (res://addons/gdUnit4/src/core/execution/stages/IGdUnitExecutionStage.gd:19)
       [13] _execute (res://addons/gdUnit4/src/core/execution/stages/GdUnitTestCaseExecutionStage.gd:35)
       [14] execute (res://addons/gdUnit4/src/core/execution/stages/IGdUnitExecutionStage.gd:19)
       [15] _execute (res://addons/gdUnit4/src/core/execution/stages/single/GdUnitTestCaseSingleExecutionStage.gd:28)
       [16] execute (res://addons/gdUnit4/src/core/execution/stages/IGdUnitExecutionStage.gd:19)
       [17] _execute (res://addons/gdUnit4/src/core/execution/stages/single/GdUnitTestCaseSingleTestStage.gd:10)
       [18] execute (res://addons/gdUnit4/src/core/_TestCase.gd:41)
       [19] test_completed (res://addons/gdUnit4/src/core/_TestCase.gd:86)
ERROR: Node not found: "WheelRR" (relative to "/root/test_traffic_driving/@RigidBody3D@1835").
   at: get_node (scene/main/node.cpp:1975)
   GDScript backtrace (most recent call first):
       [0] @implicit_ready (res://scripts/vehicle/vehicle_physics.gd:73)
       [1] _new_stub_car (res://tests/suites/test_traffic_driving.gd:66)
       [2] test_proximity_slow_fires_only_inside_the_band (res://tests/suites/test_traffic_driving.gd:223)
       [3] _execute_test_case (res://addons/gdUnit4/src/core/_TestCase.gd:79)
       [4] execute (res://addons/gdUnit4/src/core/_TestCase.gd:40)
       [5] _execute (res://addons/gdUnit4/src/core/execution/stages/single/GdUnitTestCaseSingleTestStage.gd:10)
       [6] execute (res://addons/gdUnit4/src/core/execution/stages/IGdUnitExecutionStage.gd:19)
       [7] _execute (res://addons/gdUnit4/src/core/execution/stages/single/GdUnitTestCaseSingleExecutionStage.gd:17)
       [8] execute (res://addons/gdUnit4/src/core/execution/stages/IGdUnitExecutionStage.gd:19)
       [9] _execute (res://addons/gdUnit4/src/core/execution/stages/GdUnitTestCaseExecutionStage.gd:26)
       [10] execute (res://addons/gdUnit4/src/core/execution/stages/IGdUnitExecutionStage.gd:19)
       [11] _execute (res://addons/gdUnit4/src/core/execution/stages/GdUnitTestSuiteExecutionStage.gd:36)
       [12] execute (res://addons/gdUnit4/src/core/execution/stages/IGdUnitExecutionStage.gd:19)
       [13] _execute (res://addons/gdUnit4/src/core/execution/stages/GdUnitTestCaseExecutionStage.gd:35)
       [14] execute (res://addons/gdUnit4/src/core/execution/stages/IGdUnitExecutionStage.gd:19)
       [15] _execute (res://addons/gdUnit4/src/core/execution/stages/single/GdUnitTestCaseSingleExecutionStage.gd:28)
       [16] execute (res://addons/gdUnit4/src/core/execution/stages/IGdUnitExecutionStage.gd:19)
       [17] _execute (res://addons/gdUnit4/src/core/execution/stages/single/GdUnitTestCaseSingleTestStage.gd:10)
       [18] execute (res://addons/gdUnit4/src/core/_TestCase.gd:41)
       [19] test_completed (res://addons/gdUnit4/src/core/_TestCase.gd:86)
ERROR: Node not found: "WheelFL" (relative to "/root/test_traffic_driving/@RigidBody3D@1837").
   at: get_node (scene/main/node.cpp:1975)
   GDScript backtrace (most recent call first):
       [0] @implicit_ready (res://scripts/vehicle/vehicle_physics.gd:70)
       [1] _new_stub_car (res://tests/suites/test_traffic_driving.gd:66)
       [2] test_proximity_player_behind_never_fires (res://tests/suites/test_traffic_driving.gd:238)
       [3] _execute_test_case (res://addons/gdUnit4/src/core/_TestCase.gd:79)
       [4] execute (res://addons/gdUnit4/src/core/_TestCase.gd:40)
       [5] _execute (res://addons/gdUnit4/src/core/execution/stages/single/GdUnitTestCaseSingleTestStage.gd:10)
       [6] execute (res://addons/gdUnit4/src/core/execution/stages/IGdUnitExecutionStage.gd:19)
       [7] _execute (res://addons/gdUnit4/src/core/execution/stages/single/GdUnitTestCaseSingleExecutionStage.gd:17)
       [8] execute (res://addons/gdUnit4/src/core/execution/stages/IGdUnitExecutionStage.gd:19)
       [9] _execute (res://addons/gdUnit4/src/core/execution/stages/GdUnitTestCaseExecutionStage.gd:26)
       [10] execute (res://addons/gdUnit4/src/core/execution/stages/IGdUnitExecutionStage.gd:19)
       [11] _execute (res://addons/gdUnit4/src/core/execution/stages/GdUnitTestSuiteExecutionStage.gd:36)
       [12] execute (res://addons/gdUnit4/src/core/execution/stages/IGdUnitExecutionStage.gd:19)
       [13] _execute (res://addons/gdUnit4/src/core/execution/stages/GdUnitTestCaseExecutionStage.gd:35)
       [14] execute (res://addons/gdUnit4/src/core/execution/stages/IGdUnitExecutionStage.gd:19)
       [15] _execute (res://addons/gdUnit4/src/core/execution/stages/single/GdUnitTestCaseSingleExecutionStage.gd:28)
       [16] execute (res://addons/gdUnit4/src/core/execution/stages/IGdUnitExecutionStage.gd:19)
       [17] _execute (res://addons/gdUnit4/src/core/execution/stages/single/GdUnitTestCaseSingleTestStage.gd:10)
       [18] execute (res://addons/gdUnit4/src/core/_TestCase.gd:41)
       [19] test_completed (res://addons/gdUnit4/src/core/_TestCase.gd:86)
ERROR: Node not found: "WheelFR" (relative to "/root/test_traffic_driving/@RigidBody3D@1837").
   at: get_node (scene/main/node.cpp:1975)
   GDScript backtrace (most recent call first):
       [0] @implicit_ready (res://scripts/vehicle/vehicle_physics.gd:71)
       [1] _new_stub_car (res://tests/suites/test_traffic_driving.gd:66)
       [2] test_proximity_player_behind_never_fires (res://tests/suites/test_traffic_driving.gd:238)
       [3] _execute_test_case (res://addons/gdUnit4/src/core/_TestCase.gd:79)
       [4] execute (res://addons/gdUnit4/src/core/_TestCase.gd:40)
       [5] _execute (res://addons/gdUnit4/src/core/execution/stages/single/GdUnitTestCaseSingleTestStage.gd:10)
       [6] execute (res://addons/gdUnit4/src/core/execution/stages/IGdUnitExecutionStage.gd:19)
       [7] _execute (res://addons/gdUnit4/src/core/execution/stages/single/GdUnitTestCaseSingleExecutionStage.gd:17)
       [8] execute (res://addons/gdUnit4/src/core/execution/stages/IGdUnitExecutionStage.gd:19)
       [9] _execute (res://addons/gdUnit4/src/core/execution/stages/GdUnitTestCaseExecutionStage.gd:26)
       [10] execute (res://addons/gdUnit4/src/core/execution/stages/IGdUnitExecutionStage.gd:19)
       [11] _execute (res://addons/gdUnit4/src/core/execution/stages/GdUnitTestSuiteExecutionStage.gd:36)
       [12] execute (res://addons/gdUnit4/src/core/execution/stages/IGdUnitExecutionStage.gd:19)
       [13] _execute (res://addons/gdUnit4/src/core/execution/stages/GdUnitTestCaseExecutionStage.gd:35)
       [14] execute (res://addons/gdUnit4/src/core/execution/stages/IGdUnitExecutionStage.gd:19)
       [15] _execute (res://addons/gdUnit4/src/core/execution/stages/single/GdUnitTestCaseSingleExecutionStage.gd:28)
       [16] execute (res://addons/gdUnit4/src/core/execution/stages/IGdUnitExecutionStage.gd:19)
       [17] _execute (res://addons/gdUnit4/src/core/execution/stages/single/GdUnitTestCaseSingleTestStage.gd:10)
       [18] execute (res://addons/gdUnit4/src/core/_TestCase.gd:41)
       [19] test_completed (res://addons/gdUnit4/src/core/_TestCase.gd:86)
ERROR: Node not found: "WheelRL" (relative to "/root/test_traffic_driving/@RigidBody3D@1837").
   at: get_node (scene/main/node.cpp:1975)
   GDScript backtrace (most recent call first):
       [0] @implicit_ready (res://scripts/vehicle/vehicle_physics.gd:72)
       [1] _new_stub_car (res://tests/suites/test_traffic_driving.gd:66)
       [2] test_proximity_player_behind_never_fires (res://tests/suites/test_traffic_driving.gd:238)
       [3] _execute_test_case (res://addons/gdUnit4/src/core/_TestCase.gd:79)
       [4] execute (res://addons/gdUnit4/src/core/_TestCase.gd:40)
       [5] _execute (res://addons/gdUnit4/src/core/execution/stages/single/GdUnitTestCaseSingleTestStage.gd:10)
       [6] execute (res://addons/gdUnit4/src/core/execution/stages/IGdUnitExecutionStage.gd:19)
       [7] _execute (res://addons/gdUnit4/src/core/execution/stages/single/GdUnitTestCaseSingleExecutionStage.gd:17)
       [8] execute (res://addons/gdUnit4/src/core/execution/stages/IGdUnitExecutionStage.gd:19)
       [9] _execute (res://addons/gdUnit4/src/core/execution/stages/GdUnitTestCaseExecutionStage.gd:26)
       [10] execute (res://addons/gdUnit4/src/core/execution/stages/IGdUnitExecutionStage.gd:19)
       [11] _execute (res://addons/gdUnit4/src/core/execution/stages/GdUnitTestSuiteExecutionStage.gd:36)
       [12] execute (res://addons/gdUnit4/src/core/execution/stages/IGdUnitExecutionStage.gd:19)
       [13] _execute (res://addons/gdUnit4/src/core/execution/stages/GdUnitTestCaseExecutionStage.gd:35)
       [14] execute (res://addons/gdUnit4/src/core/execution/stages/IGdUnitExecutionStage.gd:19)
       [15] _execute (res://addons/gdUnit4/src/core/execution/stages/single/GdUnitTestCaseSingleExecutionStage.gd:28)
       [16] execute (res://addons/gdUnit4/src/core/execution/stages/IGdUnitExecutionStage.gd:19)
       [17] _execute (res://addons/gdUnit4/src/core/execution/stages/single/GdUnitTestCaseSingleTestStage.gd:10)
       [18] execute (res://addons/gdUnit4/src/core/_TestCase.gd:41)
       [19] test_completed (res://addons/gdUnit4/src/core/_TestCase.gd:86)
ERROR: Node not found: "WheelRR" (relative to "/root/test_traffic_driving/@RigidBody3D@1837").
   at: get_node (scene/main/node.cpp:1975)
   GDScript backtrace (most recent call first):
       [0] @implicit_ready (res://scripts/vehicle/vehicle_physics.gd:73)
       [1] _new_stub_car (res://tests/suites/test_traffic_driving.gd:66)
       [2] test_proximity_player_behind_never_fires (res://tests/suites/test_traffic_driving.gd:238)
       [3] _execute_test_case (res://addons/gdUnit4/src/core/_TestCase.gd:79)
       [4] execute (res://addons/gdUnit4/src/core/_TestCase.gd:40)
       [5] _execute (res://addons/gdUnit4/src/core/execution/stages/single/GdUnitTestCaseSingleTestStage.gd:10)
       [6] execute (res://addons/gdUnit4/src/core/execution/stages/IGdUnitExecutionStage.gd:19)
       [7] _execute (res://addons/gdUnit4/src/core/execution/stages/single/GdUnitTestCaseSingleExecutionStage.gd:17)
       [8] execute (res://addons/gdUnit4/src/core/execution/stages/IGdUnitExecutionStage.gd:19)
       [9] _execute (res://addons/gdUnit4/src/core/execution/stages/GdUnitTestCaseExecutionStage.gd:26)
       [10] execute (res://addons/gdUnit4/src/core/execution/stages/IGdUnitExecutionStage.gd:19)
       [11] _execute (res://addons/gdUnit4/src/core/execution/stages/GdUnitTestSuiteExecutionStage.gd:36)
       [12] execute (res://addons/gdUnit4/src/core/execution/stages/IGdUnitExecutionStage.gd:19)
       [13] _execute (res://addons/gdUnit4/src/core/execution/stages/GdUnitTestCaseExecutionStage.gd:35)
       [14] execute (res://addons/gdUnit4/src/core/execution/stages/IGdUnitExecutionStage.gd:19)
       [15] _execute (res://addons/gdUnit4/src/core/execution/stages/single/GdUnitTestCaseSingleExecutionStage.gd:28)
       [16] execute (res://addons/gdUnit4/src/core/execution/stages/IGdUnitExecutionStage.gd:19)
       [17] _execute (res://addons/gdUnit4/src/core/execution/stages/single/GdUnitTestCaseSingleTestStage.gd:10)
       [18] execute (res://addons/gdUnit4/src/core/_TestCase.gd:41)
       [19] test_completed (res://addons/gdUnit4/src/core/_TestCase.gd:86)
ERROR: Node not found: "WheelFL" (relative to "/root/test_traffic_driving/@RigidBody3D@1839").
   at: get_node (scene/main/node.cpp:1975)
   GDScript backtrace (most recent call first):
       [0] @implicit_ready (res://scripts/vehicle/vehicle_physics.gd:70)
       [1] _new_stub_car (res://tests/suites/test_traffic_driving.gd:66)
       [2] test_proximity_stop_holds_until_the_gap_reopens (res://tests/suites/test_traffic_driving.gd:248)
       [3] _execute_test_case (res://addons/gdUnit4/src/core/_TestCase.gd:79)
       [4] execute (res://addons/gdUnit4/src/core/_TestCase.gd:40)
       [5] _execute (res://addons/gdUnit4/src/core/execution/stages/single/GdUnitTestCaseSingleTestStage.gd:10)
       [6] execute (res://addons/gdUnit4/src/core/execution/stages/IGdUnitExecutionStage.gd:19)
       [7] _execute (res://addons/gdUnit4/src/core/execution/stages/single/GdUnitTestCaseSingleExecutionStage.gd:17)
       [8] execute (res://addons/gdUnit4/src/core/execution/stages/IGdUnitExecutionStage.gd:19)
       [9] _execute (res://addons/gdUnit4/src/core/execution/stages/GdUnitTestCaseExecutionStage.gd:26)
       [10] execute (res://addons/gdUnit4/src/core/execution/stages/IGdUnitExecutionStage.gd:19)
       [11] _execute (res://addons/gdUnit4/src/core/execution/stages/GdUnitTestSuiteExecutionStage.gd:36)
       [12] execute (res://addons/gdUnit4/src/core/execution/stages/IGdUnitExecutionStage.gd:19)
       [13] _execute (res://addons/gdUnit4/src/core/execution/stages/GdUnitTestCaseExecutionStage.gd:35)
       [14] execute (res://addons/gdUnit4/src/core/execution/stages/IGdUnitExecutionStage.gd:19)
       [15] _execute (res://addons/gdUnit4/src/core/execution/stages/single/GdUnitTestCaseSingleExecutionStage.gd:28)
       [16] execute (res://addons/gdUnit4/src/core/execution/stages/IGdUnitExecutionStage.gd:19)
       [17] _execute (res://addons/gdUnit4/src/core/execution/stages/single/GdUnitTestCaseSingleTestStage.gd:10)
       [18] execute (res://addons/gdUnit4/src/core/_TestCase.gd:41)
       [19] test_completed (res://addons/gdUnit4/src/core/_TestCase.gd:86)
ERROR: Node not found: "WheelFR" (relative to "/root/test_traffic_driving/@RigidBody3D@1839").
   at: get_node (scene/main/node.cpp:1975)
   GDScript backtrace (most recent call first):
       [0] @implicit_ready (res://scripts/vehicle/vehicle_physics.gd:71)
       [1] _new_stub_car (res://tests/suites/test_traffic_driving.gd:66)
       [2] test_proximity_stop_holds_until_the_gap_reopens (res://tests/suites/test_traffic_driving.gd:248)
       [3] _execute_test_case (res://addons/gdUnit4/src/core/_TestCase.gd:79)
       [4] execute (res://addons/gdUnit4/src/core/_TestCase.gd:40)
       [5] _execute (res://addons/gdUnit4/src/core/execution/stages/single/GdUnitTestCaseSingleTestStage.gd:10)
       [6] execute (res://addons/gdUnit4/src/core/execution/stages/IGdUnitExecutionStage.gd:19)
       [7] _execute (res://addons/gdUnit4/src/core/execution/stages/single/GdUnitTestCaseSingleExecutionStage.gd:17)
       [8] execute (res://addons/gdUnit4/src/core/execution/stages/IGdUnitExecutionStage.gd:19)
       [9] _execute (res://addons/gdUnit4/src/core/execution/stages/GdUnitTestCaseExecutionStage.gd:26)
       [10] execute (res://addons/gdUnit4/src/core/execution/stages/IGdUnitExecutionStage.gd:19)
       [11] _execute (res://addons/gdUnit4/src/core/execution/stages/GdUnitTestSuiteExecutionStage.gd:36)
       [12] execute (res://addons/gdUnit4/src/core/execution/stages/IGdUnitExecutionStage.gd:19)
       [13] _execute (res://addons/gdUnit4/src/core/execution/stages/GdUnitTestCaseExecutionStage.gd:35)
       [14] execute (res://addons/gdUnit4/src/core/execution/stages/IGdUnitExecutionStage.gd:19)
       [15] _execute (res://addons/gdUnit4/src/core/execution/stages/single/GdUnitTestCaseSingleExecutionStage.gd:28)
       [16] execute (res://addons/gdUnit4/src/core/execution/stages/IGdUnitExecutionStage.gd:19)
       [17] _execute (res://addons/gdUnit4/src/core/execution/stages/single/GdUnitTestCaseSingleTestStage.gd:10)
       [18] execute (res://addons/gdUnit4/src/core/_TestCase.gd:41)
       [19] test_completed (res://addons/gdUnit4/src/core/_TestCase.gd:86)
ERROR: Node not found: "WheelRL" (relative to "/root/test_traffic_driving/@RigidBody3D@1839").
   at: get_node (scene/main/node.cpp:1975)
   GDScript backtrace (most recent call first):
       [0] @implicit_ready (res://scripts/vehicle/vehicle_physics.gd:72)
       [1] _new_stub_car (res://tests/suites/test_traffic_driving.gd:66)
       [2] test_proximity_stop_holds_until_the_gap_reopens (res://tests/suites/test_traffic_driving.gd:248)
       [3] _execute_test_case (res://addons/gdUnit4/src/core/_TestCase.gd:79)
       [4] execute (res://addons/gdUnit4/src/core/_TestCase.gd:40)
       [5] _execute (res://addons/gdUnit4/src/core/execution/stages/single/GdUnitTestCaseSingleTestStage.gd:10)
       [6] execute (res://addons/gdUnit4/src/core/execution/stages/IGdUnitExecutionStage.gd:19)
       [7] _execute (res://addons/gdUnit4/src/core/execution/stages/single/GdUnitTestCaseSingleExecutionStage.gd:17)
       [8] execute (res://addons/gdUnit4/src/core/execution/stages/IGdUnitExecutionStage.gd:19)
       [9] _execute (res://addons/gdUnit4/src/core/execution/stages/GdUnitTestCaseExecutionStage.gd:26)
       [10] execute (res://addons/gdUnit4/src/core/execution/stages/IGdUnitExecutionStage.gd:19)
       [11] _execute (res://addons/gdUnit4/src/core/execution/stages/GdUnitTestSuiteExecutionStage.gd:36)
       [12] execute (res://addons/gdUnit4/src/core/execution/stages/IGdUnitExecutionStage.gd:19)
       [13] _execute (res://addons/gdUnit4/src/core/execution/stages/GdUnitTestCaseExecutionStage.gd:35)
       [14] execute (res://addons/gdUnit4/src/core/execution/stages/IGdUnitExecutionStage.gd:19)
       [15] _execute (res://addons/gdUnit4/src/core/execution/stages/single/GdUnitTestCaseSingleExecutionStage.gd:28)
       [16] execute (res://addons/gdUnit4/src/core/execution/stages/IGdUnitExecutionStage.gd:19)
       [17] _execute (res://addons/gdUnit4/src/core/execution/stages/single/GdUnitTestCaseSingleTestStage.gd:10)
       [18] execute (res://addons/gdUnit4/src/core/_TestCase.gd:41)
       [19] test_completed (res://addons/gdUnit4/src/core/_TestCase.gd:86)
ERROR: Node not found: "WheelRR" (relative to "/root/test_traffic_driving/@RigidBody3D@1839").
   at: get_node (scene/main/node.cpp:1975)
   GDScript backtrace (most recent call first):
       [0] @implicit_ready (res://scripts/vehicle/vehicle_physics.gd:73)
       [1] _new_stub_car (res://tests/suites/test_traffic_driving.gd:66)
       [2] test_proximity_stop_holds_until_the_gap_reopens (res://tests/suites/test_traffic_driving.gd:248)
       [3] _execute_test_case (res://addons/gdUnit4/src/core/_TestCase.gd:79)
       [4] execute (res://addons/gdUnit4/src/core/_TestCase.gd:40)
       [5] _execute (res://addons/gdUnit4/src/core/execution/stages/single/GdUnitTestCaseSingleTestStage.gd:10)
       [6] execute (res://addons/gdUnit4/src/core/execution/stages/IGdUnitExecutionStage.gd:19)
       [7] _execute (res://addons/gdUnit4/src/core/execution/stages/single/GdUnitTestCaseSingleExecutionStage.gd:17)
       [8] execute (res://addons/gdUnit4/src/core/execution/stages/IGdUnitExecutionStage.gd:19)
       [9] _execute (res://addons/gdUnit4/src/core/execution/stages/GdUnitTestCaseExecutionStage.gd:26)
       [10] execute (res://addons/gdUnit4/src/core/execution/stages/IGdUnitExecutionStage.gd:19)
       [11] _execute (res://addons/gdUnit4/src/core/execution/stages/GdUnitTestSuiteExecutionStage.gd:36)
       [12] execute (res://addons/gdUnit4/src/core/execution/stages/IGdUnitExecutionStage.gd:19)
       [13] _execute (res://addons/gdUnit4/src/core/execution/stages/GdUnitTestCaseExecutionStage.gd:35)
       [14] execute (res://addons/gdUnit4/src/core/execution/stages/IGdUnitExecutionStage.gd:19)
       [15] _execute (res://addons/gdUnit4/src/core/execution/stages/single/GdUnitTestCaseSingleExecutionStage.gd:28)
       [16] execute (res://addons/gdUnit4/src/core/execution/stages/IGdUnitExecutionStage.gd:19)
       [17] _execute (res://addons/gdUnit4/src/core/execution/stages/single/GdUnitTestCaseSingleTestStage.gd:10)
       [18] execute (res://addons/gdUnit4/src/core/_TestCase.gd:41)
       [19] test_completed (res://addons/gdUnit4/src/core/_TestCase.gd:86)
ERROR: Node not found: "WheelFL" (relative to "/root/test_traffic_driving/@RigidBody3D@1841").
   at: get_node (scene/main/node.cpp:1975)
   GDScript backtrace (most recent call first):
       [0] @implicit_ready (res://scripts/vehicle/vehicle_physics.gd:70)
       [1] _new_stub_car (res://tests/suites/test_traffic_driving.gd:66)
       [2] test_parked_driver_never_drives (res://tests/suites/test_traffic_driving.gd:263)
       [3] _execute_test_case (res://addons/gdUnit4/src/core/_TestCase.gd:79)
       [4] execute (res://addons/gdUnit4/src/core/_TestCase.gd:40)
       [5] _execute (res://addons/gdUnit4/src/core/execution/stages/single/GdUnitTestCaseSingleTestStage.gd:10)
       [6] execute (res://addons/gdUnit4/src/core/execution/stages/IGdUnitExecutionStage.gd:19)
       [7] _execute (res://addons/gdUnit4/src/core/execution/stages/single/GdUnitTestCaseSingleExecutionStage.gd:17)
       [8] execute (res://addons/gdUnit4/src/core/execution/stages/IGdUnitExecutionStage.gd:19)
       [9] _execute (res://addons/gdUnit4/src/core/execution/stages/GdUnitTestCaseExecutionStage.gd:26)
       [10] execute (res://addons/gdUnit4/src/core/execution/stages/IGdUnitExecutionStage.gd:19)
       [11] _execute (res://addons/gdUnit4/src/core/execution/stages/GdUnitTestSuiteExecutionStage.gd:36)
       [12] execute (res://addons/gdUnit4/src/core/execution/stages/IGdUnitExecutionStage.gd:19)
       [13] _execute (res://addons/gdUnit4/src/core/execution/stages/GdUnitTestCaseExecutionStage.gd:35)
       [14] execute (res://addons/gdUnit4/src/core/execution/stages/IGdUnitExecutionStage.gd:19)
       [15] _execute (res://addons/gdUnit4/src/core/execution/stages/single/GdUnitTestCaseSingleExecutionStage.gd:28)
       [16] execute (res://addons/gdUnit4/src/core/execution/stages/IGdUnitExecutionStage.gd:19)
       [17] _execute (res://addons/gdUnit4/src/core/execution/stages/single/GdUnitTestCaseSingleTestStage.gd:10)
       [18] execute (res://addons/gdUnit4/src/core/_TestCase.gd:41)
       [19] test_completed (res://addons/gdUnit4/src/core/_TestCase.gd:86)
ERROR: Node not found: "WheelFR" (relative to "/root/test_traffic_driving/@RigidBody3D@1841").
   at: get_node (scene/main/node.cpp:1975)
   GDScript backtrace (most recent call first):
       [0] @implicit_ready (res://scripts/vehicle/vehicle_physics.gd:71)
       [1] _new_stub_car (res://tests/suites/test_traffic_driving.gd:66)
       [2] test_parked_driver_never_drives (res://tests/suites/test_traffic_driving.gd:263)
       [3] _execute_test_case (res://addons/gdUnit4/src/core/_TestCase.gd:79)
       [4] execute (res://addons/gdUnit4/src/core/_TestCase.gd:40)
       [5] _execute (res://addons/gdUnit4/src/core/execution/stages/single/GdUnitTestCaseSingleTestStage.gd:10)
       [6] execute (res://addons/gdUnit4/src/core/execution/stages/IGdUnitExecutionStage.gd:19)
       [7] _execute (res://addons/gdUnit4/src/core/execution/stages/single/GdUnitTestCaseSingleExecutionStage.gd:17)
       [8] execute (res://addons/gdUnit4/src/core/execution/stages/IGdUnitExecutionStage.gd:19)
       [9] _execute (res://addons/gdUnit4/src/core/execution/stages/GdUnitTestCaseExecutionStage.gd:26)
       [10] execute (res://addons/gdUnit4/src/core/execution/stages/IGdUnitExecutionStage.gd:19)
       [11] _execute (res://addons/gdUnit4/src/core/execution/stages/GdUnitTestSuiteExecutionStage.gd:36)
       [12] execute (res://addons/gdUnit4/src/core/execution/stages/IGdUnitExecutionStage.gd:19)
       [13] _execute (res://addons/gdUnit4/src/core/execution/stages/GdUnitTestCaseExecutionStage.gd:35)
       [14] execute (res://addons/gdUnit4/src/core/execution/stages/IGdUnitExecutionStage.gd:19)
       [15] _execute (res://addons/gdUnit4/src/core/execution/stages/single/GdUnitTestCaseSingleExecutionStage.gd:28)
       [16] execute (res://addons/gdUnit4/src/core/execution/stages/IGdUnitExecutionStage.gd:19)
       [17] _execute (res://addons/gdUnit4/src/core/execution/stages/single/GdUnitTestCaseSingleTestStage.gd:10)
       [18] execute (res://addons/gdUnit4/src/core/_TestCase.gd:41)
       [19] test_completed (res://addons/gdUnit4/src/core/_TestCase.gd:86)
ERROR: Node not found: "WheelRL" (relative to "/root/test_traffic_driving/@RigidBody3D@1841").
   at: get_node (scene/main/node.cpp:1975)
   GDScript backtrace (most recent call first):
       [0] @implicit_ready (res://scripts/vehicle/vehicle_physics.gd:72)
       [1] _new_stub_car (res://tests/suites/test_traffic_driving.gd:66)
       [2] test_parked_driver_never_drives (res://tests/suites/test_traffic_driving.gd:263)
       [3] _execute_test_case (res://addons/gdUnit4/src/core/_TestCase.gd:79)
       [4] execute (res://addons/gdUnit4/src/core/_TestCase.gd:40)
       [5] _execute (res://addons/gdUnit4/src/core/execution/stages/single/GdUnitTestCaseSingleTestStage.gd:10)
       [6] execute (res://addons/gdUnit4/src/core/execution/stages/IGdUnitExecutionStage.gd:19)
       [7] _execute (res://addons/gdUnit4/src/core/execution/stages/single/GdUnitTestCaseSingleExecutionStage.gd:17)
       [8] execute (res://addons/gdUnit4/src/core/execution/stages/IGdUnitExecutionStage.gd:19)
       [9] _execute (res://addons/gdUnit4/src/core/execution/stages/GdUnitTestCaseExecutionStage.gd:26)
       [10] execute (res://addons/gdUnit4/src/core/execution/stages/IGdUnitExecutionStage.gd:19)
       [11] _execute (res://addons/gdUnit4/src/core/execution/stages/GdUnitTestSuiteExecutionStage.gd:36)
       [12] execute (res://addons/gdUnit4/src/core/execution/stages/IGdUnitExecutionStage.gd:19)
       [13] _execute (res://addons/gdUnit4/src/core/execution/stages/GdUnitTestCaseExecutionStage.gd:35)
       [14] execute (res://addons/gdUnit4/src/core/execution/stages/IGdUnitExecutionStage.gd:19)
       [15] _execute (res://addons/gdUnit4/src/core/execution/stages/single/GdUnitTestCaseSingleExecutionStage.gd:28)
       [16] execute (res://addons/gdUnit4/src/core/execution/stages/IGdUnitExecutionStage.gd:19)
       [17] _execute (res://addons/gdUnit4/src/core/execution/stages/single/GdUnitTestCaseSingleTestStage.gd:10)
       [18] execute (res://addons/gdUnit4/src/core/_TestCase.gd:41)
       [19] test_completed (res://addons/gdUnit4/src/core/_TestCase.gd:86)
ERROR: Node not found: "WheelRR" (relative to "/root/test_traffic_driving/@RigidBody3D@1841").
   at: get_node (scene/main/node.cpp:1975)
   GDScript backtrace (most recent call first):
       [0] @implicit_ready (res://scripts/vehicle/vehicle_physics.gd:73)
       [1] _new_stub_car (res://tests/suites/test_traffic_driving.gd:66)
       [2] test_parked_driver_never_drives (res://tests/suites/test_traffic_driving.gd:263)
       [3] _execute_test_case (res://addons/gdUnit4/src/core/_TestCase.gd:79)
       [4] execute (res://addons/gdUnit4/src/core/_TestCase.gd:40)
       [5] _execute (res://addons/gdUnit4/src/core/execution/stages/single/GdUnitTestCaseSingleTestStage.gd:10)
       [6] execute (res://addons/gdUnit4/src/core/execution/stages/IGdUnitExecutionStage.gd:19)
       [7] _execute (res://addons/gdUnit4/src/core/execution/stages/single/GdUnitTestCaseSingleExecutionStage.gd:17)
       [8] execute (res://addons/gdUnit4/src/core/execution/stages/IGdUnitExecutionStage.gd:19)
       [9] _execute (res://addons/gdUnit4/src/core/execution/stages/GdUnitTestCaseExecutionStage.gd:26)
       [10] execute (res://addons/gdUnit4/src/core/execution/stages/IGdUnitExecutionStage.gd:19)
       [11] _execute (res://addons/gdUnit4/src/core/execution/stages/GdUnitTestSuiteExecutionStage.gd:36)
       [12] execute (res://addons/gdUnit4/src/core/execution/stages/IGdUnitExecutionStage.gd:19)
       [13] _execute (res://addons/gdUnit4/src/core/execution/stages/GdUnitTestCaseExecutionStage.gd:35)
       [14] execute (res://addons/gdUnit4/src/core/execution/stages/IGdUnitExecutionStage.gd:19)
       [15] _execute (res://addons/gdUnit4/src/core/execution/stages/single/GdUnitTestCaseSingleExecutionStage.gd:28)
       [16] execute (res://addons/gdUnit4/src/core/execution/stages/IGdUnitExecutionStage.gd:19)
       [17] _execute (res://addons/gdUnit4/src/core/execution/stages/single/GdUnitTestCaseSingleTestStage.gd:10)
       [18] execute (res://addons/gdUnit4/src/core/_TestCase.gd:41)
       [19] test_completed (res://addons/gdUnit4/src/core/_TestCase.gd:86)
ERROR: Node not found: "WheelFL" (relative to "/root/test_traffic_driving/@RigidBody3D@1843").
   at: get_node (scene/main/node.cpp:1975)
   GDScript backtrace (most recent call first):
       [0] @implicit_ready (res://scripts/vehicle/vehicle_physics.gd:70)
       [1] _new_stub_car (res://tests/suites/test_traffic_driving.gd:66)
       [2] test_stuck_driver_teleports_to_a_road_point_once (res://tests/suites/test_traffic_driving.gd:280)
       [3] _execute_test_case (res://addons/gdUnit4/src/core/_TestCase.gd:79)
       [4] execute (res://addons/gdUnit4/src/core/_TestCase.gd:40)
       [5] _execute (res://addons/gdUnit4/src/core/execution/stages/single/GdUnitTestCaseSingleTestStage.gd:10)
       [6] execute (res://addons/gdUnit4/src/core/execution/stages/IGdUnitExecutionStage.gd:19)
       [7] _execute (res://addons/gdUnit4/src/core/execution/stages/single/GdUnitTestCaseSingleExecutionStage.gd:17)
       [8] execute (res://addons/gdUnit4/src/core/execution/stages/IGdUnitExecutionStage.gd:19)
       [9] _execute (res://addons/gdUnit4/src/core/execution/stages/GdUnitTestCaseExecutionStage.gd:26)
       [10] execute (res://addons/gdUnit4/src/core/execution/stages/IGdUnitExecutionStage.gd:19)
       [11] _execute (res://addons/gdUnit4/src/core/execution/stages/GdUnitTestSuiteExecutionStage.gd:36)
       [12] execute (res://addons/gdUnit4/src/core/execution/stages/IGdUnitExecutionStage.gd:19)
       [13] _execute (res://addons/gdUnit4/src/core/execution/stages/GdUnitTestCaseExecutionStage.gd:35)
       [14] execute (res://addons/gdUnit4/src/core/execution/stages/IGdUnitExecutionStage.gd:19)
       [15] _execute (res://addons/gdUnit4/src/core/execution/stages/single/GdUnitTestCaseSingleExecutionStage.gd:28)
       [16] execute (res://addons/gdUnit4/src/core/execution/stages/IGdUnitExecutionStage.gd:19)
       [17] _execute (res://addons/gdUnit4/src/core/execution/stages/single/GdUnitTestCaseSingleTestStage.gd:10)
       [18] execute (res://addons/gdUnit4/src/core/_TestCase.gd:41)
       [19] test_completed (res://addons/gdUnit4/src/core/_TestCase.gd:86)
ERROR: Node not found: "WheelFR" (relative to "/root/test_traffic_driving/@RigidBody3D@1843").
   at: get_node (scene/main/node.cpp:1975)
   GDScript backtrace (most recent call first):
       [0] @implicit_ready (res://scripts/vehicle/vehicle_physics.gd:71)
       [1] _new_stub_car (res://tests/suites/test_traffic_driving.gd:66)
       [2] test_stuck_driver_teleports_to_a_road_point_once (res://tests/suites/test_traffic_driving.gd:280)
       [3] _execute_test_case (res://addons/gdUnit4/src/core/_TestCase.gd:79)
       [4] execute (res://addons/gdUnit4/src/core/_TestCase.gd:40)
       [5] _execute (res://addons/gdUnit4/src/core/execution/stages/single/GdUnitTestCaseSingleTestStage.gd:10)
       [6] execute (res://addons/gdUnit4/src/core/execution/stages/IGdUnitExecutionStage.gd:19)
       [7] _execute (res://addons/gdUnit4/src/core/execution/stages/single/GdUnitTestCaseSingleExecutionStage.gd:17)
       [8] execute (res://addons/gdUnit4/src/core/execution/stages/IGdUnitExecutionStage.gd:19)
       [9] _execute (res://addons/gdUnit4/src/core/execution/stages/GdUnitTestCaseExecutionStage.gd:26)
       [10] execute (res://addons/gdUnit4/src/core/execution/stages/IGdUnitExecutionStage.gd:19)
       [11] _execute (res://addons/gdUnit4/src/core/execution/stages/GdUnitTestSuiteExecutionStage.gd:36)
       [12] execute (res://addons/gdUnit4/src/core/execution/stages/IGdUnitExecutionStage.gd:19)
       [13] _execute (res://addons/gdUnit4/src/core/execution/stages/GdUnitTestCaseExecutionStage.gd:35)
       [14] execute (res://addons/gdUnit4/src/core/execution/stages/IGdUnitExecutionStage.gd:19)
       [15] _execute (res://addons/gdUnit4/src/core/execution/stages/single/GdUnitTestCaseSingleExecutionStage.gd:28)
       [16] execute (res://addons/gdUnit4/src/core/execution/stages/IGdUnitExecutionStage.gd:19)
       [17] _execute (res://addons/gdUnit4/src/core/execution/stages/single/GdUnitTestCaseSingleTestStage.gd:10)
       [18] execute (res://addons/gdUnit4/src/core/_TestCase.gd:41)
       [19] test_completed (res://addons/gdUnit4/src/core/_TestCase.gd:86)
ERROR: Node not found: "WheelRL" (relative to "/root/test_traffic_driving/@RigidBody3D@1843").
   at: get_node (scene/main/node.cpp:1975)
   GDScript backtrace (most recent call first):
       [0] @implicit_ready (res://scripts/vehicle/vehicle_physics.gd:72)
       [1] _new_stub_car (res://tests/suites/test_traffic_driving.gd:66)
       [2] test_stuck_driver_teleports_to_a_road_point_once (res://tests/suites/test_traffic_driving.gd:280)
       [3] _execute_test_case (res://addons/gdUnit4/src/core/_TestCase.gd:79)
       [4] execute (res://addons/gdUnit4/src/core/_TestCase.gd:40)
       [5] _execute (res://addons/gdUnit4/src/core/execution/stages/single/GdUnitTestCaseSingleTestStage.gd:10)
       [6] execute (res://addons/gdUnit4/src/core/execution/stages/IGdUnitExecutionStage.gd:19)
       [7] _execute (res://addons/gdUnit4/src/core/execution/stages/single/GdUnitTestCaseSingleExecutionStage.gd:17)
       [8] execute (res://addons/gdUnit4/src/core/execution/stages/IGdUnitExecutionStage.gd:19)
       [9] _execute (res://addons/gdUnit4/src/core/execution/stages/GdUnitTestCaseExecutionStage.gd:26)
       [10] execute (res://addons/gdUnit4/src/core/execution/stages/IGdUnitExecutionStage.gd:19)
       [11] _execute (res://addons/gdUnit4/src/core/execution/stages/GdUnitTestSuiteExecutionStage.gd:36)
       [12] execute (res://addons/gdUnit4/src/core/execution/stages/IGdUnitExecutionStage.gd:19)
       [13] _execute (res://addons/gdUnit4/src/core/execution/stages/GdUnitTestCaseExecutionStage.gd:35)
       [14] execute (res://addons/gdUnit4/src/core/execution/stages/IGdUnitExecutionStage.gd:19)
       [15] _execute (res://addons/gdUnit4/src/core/execution/stages/single/GdUnitTestCaseSingleExecutionStage.gd:28)
       [16] execute (res://addons/gdUnit4/src/core/execution/stages/IGdUnitExecutionStage.gd:19)
       [17] _execute (res://addons/gdUnit4/src/core/execution/stages/single/GdUnitTestCaseSingleTestStage.gd:10)
       [18] execute (res://addons/gdUnit4/src/core/_TestCase.gd:41)
       [19] test_completed (res://addons/gdUnit4/src/core/_TestCase.gd:86)
ERROR: Node not found: "WheelRR" (relative to "/root/test_traffic_driving/@RigidBody3D@1843").
   at: get_node (scene/main/node.cpp:1975)
   GDScript backtrace (most recent call first):
       [0] @implicit_ready (res://scripts/vehicle/vehicle_physics.gd:73)
       [1] _new_stub_car (res://tests/suites/test_traffic_driving.gd:66)
       [2] test_stuck_driver_teleports_to_a_road_point_once (res://tests/suites/test_traffic_driving.gd:280)
       [3] _execute_test_case (res://addons/gdUnit4/src/core/_TestCase.gd:79)
       [4] execute (res://addons/gdUnit4/src/core/_TestCase.gd:40)
       [5] _execute (res://addons/gdUnit4/src/core/execution/stages/single/GdUnitTestCaseSingleTestStage.gd:10)
       [6] execute (res://addons/gdUnit4/src/core/execution/stages/IGdUnitExecutionStage.gd:19)
       [7] _execute (res://addons/gdUnit4/src/core/execution/stages/single/GdUnitTestCaseSingleExecutionStage.gd:17)
       [8] execute (res://addons/gdUnit4/src/core/execution/stages/IGdUnitExecutionStage.gd:19)
       [9] _execute (res://addons/gdUnit4/src/core/execution/stages/GdUnitTestCaseExecutionStage.gd:26)
       [10] execute (res://addons/gdUnit4/src/core/execution/stages/IGdUnitExecutionStage.gd:19)
       [11] _execute (res://addons/gdUnit4/src/core/execution/stages/GdUnitTestSuiteExecutionStage.gd:36)
       [12] execute (res://addons/gdUnit4/src/core/execution/stages/IGdUnitExecutionStage.gd:19)
       [13] _execute (res://addons/gdUnit4/src/core/execution/stages/GdUnitTestCaseExecutionStage.gd:35)
       [14] execute (res://addons/gdUnit4/src/core/execution/stages/IGdUnitExecutionStage.gd:19)
       [15] _execute (res://addons/gdUnit4/src/core/execution/stages/single/GdUnitTestCaseSingleExecutionStage.gd:28)
       [16] execute (res://addons/gdUnit4/src/core/execution/stages/IGdUnitExecutionStage.gd:19)
       [17] _execute (res://addons/gdUnit4/src/core/execution/stages/single/GdUnitTestCaseSingleTestStage.gd:10)
       [18] execute (res://addons/gdUnit4/src/core/_TestCase.gd:41)
       [19] test_completed (res://addons/gdUnit4/src/core/_TestCase.gd:86)
ERROR: Pages in use exist at exit in PagedAllocator: N20RasterizerSceneDummy21GeometryInstanceDummyE
   at: ~PagedAllocator (./core/templates/paged_allocator.h:170)
WARNING: Leaked instance dependency: Bug - did not call instance_notify_deleted when freeing.
   at: ~Dependency (servers/rendering/storage/utilities.cpp:56)
WARNING: Leaked instance dependency: Bug - did not call instance_notify_deleted when freeing.
   at: ~Dependency (servers/rendering/storage/utilities.cpp:56)
WARNING: Leaked instance dependency: Bug - did not call instance_notify_deleted when freeing.
   at: ~Dependency (servers/rendering/storage/utilities.cpp:56)
WARNING: 82 ObjectDB instances were leaked at exit (run with `--verbose` for details).
   at: cleanup (core/object/object.cpp:2536)
ERROR: 5 resources still in use at exit (run with --verbose for details).
   at: clear (core/io/resource.cpp:822)
